<?xml version="1.0" encoding="UTF-8"?>
<DEFECTS>
  <DEFECT>
    <SFA>
      <FILEPATH>c:\users\kevin idzik\documents\files\important files\college\4th year\first semester\igme-540\ggp-game-engine\dx11starter\</FILEPATH>
      <FILENAME>dxcore.cpp</FILENAME>
      <LINE>225</LINE>
      <COLUMN>31</COLUMN>
    </SFA>
    <DEFECTCODE>6387</DEFECTCODE>
    <DESCRIPTION>'backBufferTexture' could be '0':  this does not adhere to the specification for the function 'ID3D11Device::CreateRenderTargetView'. See line 0 for an earlier location where this can occur</DESCRIPTION>
    <FUNCTION>DXCore::InitDirectX</FUNCTION>
    <DECORATED>?InitDirectX@DXCore@@QEAAJXZ</DECORATED>
    <FUNCLINE>163</FUNCLINE>
    <PROBABILITY>1</PROBABILITY>
    <RANK>4</RANK>
    <CATEGORY>
      <RULECATEGORY>mspft</RULECATEGORY>
    </CATEGORY>
    <PATH>
      <SFA>
        <FILEPATH>c:\users\kevin idzik\documents\files\important files\college\4th year\first semester\igme-540\ggp-game-engine\dx11starter\</FILEPATH>
        <FILENAME>dxcore.cpp</FILENAME>
        <LINE>166</LINE>
        <COLUMN>14</COLUMN>
      </SFA>
      <SFA>
        <FILEPATH>c:\users\kevin idzik\documents\files\important files\college\4th year\first semester\igme-540\ggp-game-engine\dx11starter\</FILEPATH>
        <FILENAME>dxcore.cpp</FILENAME>
        <LINE>173</LINE>
        <COLUMN>13</COLUMN>
      </SFA>
      <SFA>
        <FILEPATH>c:\users\kevin idzik\documents\files\important files\college\4th year\first semester\igme-540\ggp-game-engine\dx11starter\</FILEPATH>
        <FILENAME>dxcore.cpp</FILENAME>
        <LINE>178</LINE>
        <COLUMN>22</COLUMN>
      </SFA>
      <SFA>
        <FILEPATH>c:\users\kevin idzik\documents\files\important files\college\4th year\first semester\igme-540\ggp-game-engine\dx11starter\</FILEPATH>
        <FILENAME>dxcore.cpp</FILENAME>
        <LINE>179</LINE>
        <COLUMN>22</COLUMN>
      </SFA>
      <SFA>
        <FILEPATH>c:\users\kevin idzik\documents\files\important files\college\4th year\first semester\igme-540\ggp-game-engine\dx11starter\</FILEPATH>
        <FILENAME>dxcore.cpp</FILENAME>
        <LINE>180</LINE>
        <COLUMN>27</COLUMN>
      </SFA>
      <SFA>
        <FILEPATH>c:\users\kevin idzik\documents\files\important files\college\4th year\first semester\igme-540\ggp-game-engine\dx11starter\</FILEPATH>
        <FILENAME>dxcore.cpp</FILENAME>
        <LINE>181</LINE>
        <COLUMN>28</COLUMN>
      </SFA>
      <SFA>
        <FILEPATH>c:\users\kevin idzik\documents\files\important files\college\4th year\first semester\igme-540\ggp-game-engine\dx11starter\</FILEPATH>
        <FILENAME>dxcore.cpp</FILENAME>
        <LINE>182</LINE>
        <COLUMN>43</COLUMN>
      </SFA>
      <SFA>
        <FILEPATH>c:\users\kevin idzik\documents\files\important files\college\4th year\first semester\igme-540\ggp-game-engine\dx11starter\</FILEPATH>
        <FILENAME>dxcore.cpp</FILENAME>
        <LINE>183</LINE>
        <COLUMN>45</COLUMN>
      </SFA>
      <SFA>
        <FILEPATH>c:\users\kevin idzik\documents\files\important files\college\4th year\first semester\igme-540\ggp-game-engine\dx11starter\</FILEPATH>
        <FILENAME>dxcore.cpp</FILENAME>
        <LINE>184</LINE>
        <COLUMN>28</COLUMN>
      </SFA>
      <SFA>
        <FILEPATH>c:\users\kevin idzik\documents\files\important files\college\4th year\first semester\igme-540\ggp-game-engine\dx11starter\</FILEPATH>
        <FILENAME>dxcore.cpp</FILENAME>
        <LINE>185</LINE>
        <COLUMN>38</COLUMN>
      </SFA>
      <SFA>
        <FILEPATH>c:\users\kevin idzik\documents\files\important files\college\4th year\first semester\igme-540\ggp-game-engine\dx11starter\</FILEPATH>
        <FILENAME>dxcore.cpp</FILENAME>
        <LINE>186</LINE>
        <COLUMN>29</COLUMN>
      </SFA>
      <SFA>
        <FILEPATH>c:\users\kevin idzik\documents\files\important files\college\4th year\first semester\igme-540\ggp-game-engine\dx11starter\</FILEPATH>
        <FILENAME>dxcore.cpp</FILENAME>
        <LINE>187</LINE>
        <COLUMN>22</COLUMN>
      </SFA>
      <SFA>
        <FILEPATH>c:\users\kevin idzik\documents\files\important files\college\4th year\first semester\igme-540\ggp-game-engine\dx11starter\</FILEPATH>
        <FILENAME>dxcore.cpp</FILENAME>
        <LINE>188</LINE>
        <COLUMN>16</COLUMN>
      </SFA>
      <SFA>
        <FILEPATH>c:\users\kevin idzik\documents\files\important files\college\4th year\first semester\igme-540\ggp-game-engine\dx11starter\</FILEPATH>
        <FILENAME>dxcore.cpp</FILENAME>
        <LINE>189</LINE>
        <COLUMN>23</COLUMN>
      </SFA>
      <SFA>
        <FILEPATH>c:\users\kevin idzik\documents\files\important files\college\4th year\first semester\igme-540\ggp-game-engine\dx11starter\</FILEPATH>
        <FILENAME>dxcore.cpp</FILENAME>
        <LINE>190</LINE>
        <COLUMN>27</COLUMN>
      </SFA>
      <SFA>
        <FILEPATH>c:\users\kevin idzik\documents\files\important files\college\4th year\first semester\igme-540\ggp-game-engine\dx11starter\</FILEPATH>
        <FILENAME>dxcore.cpp</FILENAME>
        <LINE>191</LINE>
        <COLUMN>29</COLUMN>
      </SFA>
      <SFA>
        <FILEPATH>c:\users\kevin idzik\documents\files\important files\college\4th year\first semester\igme-540\ggp-game-engine\dx11starter\</FILEPATH>
        <FILENAME>dxcore.cpp</FILENAME>
        <LINE>192</LINE>
        <COLUMN>21</COLUMN>
      </SFA>
      <SFA>
        <FILEPATH>c:\users\kevin idzik\documents\files\important files\college\4th year\first semester\igme-540\ggp-game-engine\dx11starter\</FILEPATH>
        <FILENAME>dxcore.cpp</FILENAME>
        <LINE>193</LINE>
        <COLUMN>19</COLUMN>
      </SFA>
      <SFA>
        <FILEPATH>c:\users\kevin idzik\documents\files\important files\college\4th year\first semester\igme-540\ggp-game-engine\dx11starter\</FILEPATH>
        <FILENAME>dxcore.cpp</FILENAME>
        <LINE>196</LINE>
        <COLUMN>9</COLUMN>
      </SFA>
      <SFA>
        <FILEPATH>c:\users\kevin idzik\documents\files\important files\college\4th year\first semester\igme-540\ggp-game-engine\dx11starter\</FILEPATH>
        <FILENAME>dxcore.cpp</FILENAME>
        <LINE>199</LINE>
        <COLUMN>4</COLUMN>
      </SFA>
      <SFA>
        <FILEPATH>c:\users\kevin idzik\documents\files\important files\college\4th year\first semester\igme-540\ggp-game-engine\dx11starter\</FILEPATH>
        <FILENAME>dxcore.cpp</FILENAME>
        <LINE>212</LINE>
        <COLUMN>5</COLUMN>
      </SFA>
      <SFA>
        <FILEPATH>c:\users\kevin idzik\documents\files\important files\college\4th year\first semester\igme-540\ggp-game-engine\dx11starter\</FILEPATH>
        <FILENAME>dxcore.cpp</FILENAME>
        <LINE>216</LINE>
        <COLUMN>18</COLUMN>
      </SFA>
      <SFA>
        <FILEPATH>c:\users\kevin idzik\documents\files\important files\college\4th year\first semester\igme-540\ggp-game-engine\dx11starter\</FILEPATH>
        <FILENAME>dxcore.cpp</FILENAME>
        <LINE>217</LINE>
        <COLUMN>21</COLUMN>
        <KEYEVENT>
          <ID>1</ID>
          <KIND>declaration</KIND>
          <IMPORTANCE>Essential</IMPORTANCE>
          <MESSAGE>'backBufferTexture' may be NULL</MESSAGE>
        </KEYEVENT>
      </SFA>
      <SFA>
        <FILEPATH>c:\users\kevin idzik\documents\files\important files\college\4th year\first semester\igme-540\ggp-game-engine\dx11starter\</FILEPATH>
        <FILENAME>dxcore.cpp</FILENAME>
        <LINE>225</LINE>
        <COLUMN>31</COLUMN>
        <KEYEVENT>
          <ID>2</ID>
          <KIND>usage</KIND>
          <IMPORTANCE>Essential</IMPORTANCE>
          <MESSAGE>'backBufferTexture' should not be NULL, because this is not consistent with the SAL annotation on 'ID3D11Device::CreateRenderTargetView'</MESSAGE>
        </KEYEVENT>
      </SFA>
    </PATH>
  </DEFECT>
  <DEFECT>
    <SFA>
      <FILEPATH>c:\users\kevin idzik\documents\files\important files\college\4th year\first semester\igme-540\ggp-game-engine\dx11starter\</FILEPATH>
      <FILENAME>dxcore.cpp</FILENAME>
      <LINE>249</LINE>
      <COLUMN>31</COLUMN>
    </SFA>
    <DEFECTCODE>6387</DEFECTCODE>
    <DESCRIPTION>'depthBufferTexture' could be '0':  this does not adhere to the specification for the function 'ID3D11Device::CreateDepthStencilView'. See line 0 for an earlier location where this can occur</DESCRIPTION>
    <FUNCTION>DXCore::InitDirectX</FUNCTION>
    <DECORATED>?InitDirectX@DXCore@@QEAAJXZ</DECORATED>
    <FUNCLINE>163</FUNCLINE>
    <PROBABILITY>1</PROBABILITY>
    <RANK>4</RANK>
    <CATEGORY>
      <RULECATEGORY>mspft</RULECATEGORY>
    </CATEGORY>
    <PATH>
      <SFA>
        <FILEPATH>c:\users\kevin idzik\documents\files\important files\college\4th year\first semester\igme-540\ggp-game-engine\dx11starter\</FILEPATH>
        <FILENAME>dxcore.cpp</FILENAME>
        <LINE>166</LINE>
        <COLUMN>14</COLUMN>
      </SFA>
      <SFA>
        <FILEPATH>c:\users\kevin idzik\documents\files\important files\college\4th year\first semester\igme-540\ggp-game-engine\dx11starter\</FILEPATH>
        <FILENAME>dxcore.cpp</FILENAME>
        <LINE>173</LINE>
        <COLUMN>13</COLUMN>
      </SFA>
      <SFA>
        <FILEPATH>c:\users\kevin idzik\documents\files\important files\college\4th year\first semester\igme-540\ggp-game-engine\dx11starter\</FILEPATH>
        <FILENAME>dxcore.cpp</FILENAME>
        <LINE>178</LINE>
        <COLUMN>22</COLUMN>
      </SFA>
      <SFA>
        <FILEPATH>c:\users\kevin idzik\documents\files\important files\college\4th year\first semester\igme-540\ggp-game-engine\dx11starter\</FILEPATH>
        <FILENAME>dxcore.cpp</FILENAME>
        <LINE>179</LINE>
        <COLUMN>22</COLUMN>
      </SFA>
      <SFA>
        <FILEPATH>c:\users\kevin idzik\documents\files\important files\college\4th year\first semester\igme-540\ggp-game-engine\dx11starter\</FILEPATH>
        <FILENAME>dxcore.cpp</FILENAME>
        <LINE>180</LINE>
        <COLUMN>27</COLUMN>
      </SFA>
      <SFA>
        <FILEPATH>c:\users\kevin idzik\documents\files\important files\college\4th year\first semester\igme-540\ggp-game-engine\dx11starter\</FILEPATH>
        <FILENAME>dxcore.cpp</FILENAME>
        <LINE>181</LINE>
        <COLUMN>28</COLUMN>
      </SFA>
      <SFA>
        <FILEPATH>c:\users\kevin idzik\documents\files\important files\college\4th year\first semester\igme-540\ggp-game-engine\dx11starter\</FILEPATH>
        <FILENAME>dxcore.cpp</FILENAME>
        <LINE>182</LINE>
        <COLUMN>43</COLUMN>
      </SFA>
      <SFA>
        <FILEPATH>c:\users\kevin idzik\documents\files\important files\college\4th year\first semester\igme-540\ggp-game-engine\dx11starter\</FILEPATH>
        <FILENAME>dxcore.cpp</FILENAME>
        <LINE>183</LINE>
        <COLUMN>45</COLUMN>
      </SFA>
      <SFA>
        <FILEPATH>c:\users\kevin idzik\documents\files\important files\college\4th year\first semester\igme-540\ggp-game-engine\dx11starter\</FILEPATH>
        <FILENAME>dxcore.cpp</FILENAME>
        <LINE>184</LINE>
        <COLUMN>28</COLUMN>
      </SFA>
      <SFA>
        <FILEPATH>c:\users\kevin idzik\documents\files\important files\college\4th year\first semester\igme-540\ggp-game-engine\dx11starter\</FILEPATH>
        <FILENAME>dxcore.cpp</FILENAME>
        <LINE>185</LINE>
        <COLUMN>38</COLUMN>
      </SFA>
      <SFA>
        <FILEPATH>c:\users\kevin idzik\documents\files\important files\college\4th year\first semester\igme-540\ggp-game-engine\dx11starter\</FILEPATH>
        <FILENAME>dxcore.cpp</FILENAME>
        <LINE>186</LINE>
        <COLUMN>29</COLUMN>
      </SFA>
      <SFA>
        <FILEPATH>c:\users\kevin idzik\documents\files\important files\college\4th year\first semester\igme-540\ggp-game-engine\dx11starter\</FILEPATH>
        <FILENAME>dxcore.cpp</FILENAME>
        <LINE>187</LINE>
        <COLUMN>22</COLUMN>
      </SFA>
      <SFA>
        <FILEPATH>c:\users\kevin idzik\documents\files\important files\college\4th year\first semester\igme-540\ggp-game-engine\dx11starter\</FILEPATH>
        <FILENAME>dxcore.cpp</FILENAME>
        <LINE>188</LINE>
        <COLUMN>16</COLUMN>
      </SFA>
      <SFA>
        <FILEPATH>c:\users\kevin idzik\documents\files\important files\college\4th year\first semester\igme-540\ggp-game-engine\dx11starter\</FILEPATH>
        <FILENAME>dxcore.cpp</FILENAME>
        <LINE>189</LINE>
        <COLUMN>23</COLUMN>
      </SFA>
      <SFA>
        <FILEPATH>c:\users\kevin idzik\documents\files\important files\college\4th year\first semester\igme-540\ggp-game-engine\dx11starter\</FILEPATH>
        <FILENAME>dxcore.cpp</FILENAME>
        <LINE>190</LINE>
        <COLUMN>27</COLUMN>
      </SFA>
      <SFA>
        <FILEPATH>c:\users\kevin idzik\documents\files\important files\college\4th year\first semester\igme-540\ggp-game-engine\dx11starter\</FILEPATH>
        <FILENAME>dxcore.cpp</FILENAME>
        <LINE>191</LINE>
        <COLUMN>29</COLUMN>
      </SFA>
      <SFA>
        <FILEPATH>c:\users\kevin idzik\documents\files\important files\college\4th year\first semester\igme-540\ggp-game-engine\dx11starter\</FILEPATH>
        <FILENAME>dxcore.cpp</FILENAME>
        <LINE>192</LINE>
        <COLUMN>21</COLUMN>
      </SFA>
      <SFA>
        <FILEPATH>c:\users\kevin idzik\documents\files\important files\college\4th year\first semester\igme-540\ggp-game-engine\dx11starter\</FILEPATH>
        <FILENAME>dxcore.cpp</FILENAME>
        <LINE>193</LINE>
        <COLUMN>19</COLUMN>
      </SFA>
      <SFA>
        <FILEPATH>c:\users\kevin idzik\documents\files\important files\college\4th year\first semester\igme-540\ggp-game-engine\dx11starter\</FILEPATH>
        <FILENAME>dxcore.cpp</FILENAME>
        <LINE>196</LINE>
        <COLUMN>9</COLUMN>
      </SFA>
      <SFA>
        <FILEPATH>c:\users\kevin idzik\documents\files\important files\college\4th year\first semester\igme-540\ggp-game-engine\dx11starter\</FILEPATH>
        <FILENAME>dxcore.cpp</FILENAME>
        <LINE>199</LINE>
        <COLUMN>4</COLUMN>
      </SFA>
      <SFA>
        <FILEPATH>c:\users\kevin idzik\documents\files\important files\college\4th year\first semester\igme-540\ggp-game-engine\dx11starter\</FILEPATH>
        <FILENAME>dxcore.cpp</FILENAME>
        <LINE>212</LINE>
        <COLUMN>5</COLUMN>
      </SFA>
      <SFA>
        <FILEPATH>c:\users\kevin idzik\documents\files\important files\college\4th year\first semester\igme-540\ggp-game-engine\dx11starter\</FILEPATH>
        <FILENAME>dxcore.cpp</FILENAME>
        <LINE>216</LINE>
        <COLUMN>18</COLUMN>
      </SFA>
      <SFA>
        <FILEPATH>c:\users\kevin idzik\documents\files\important files\college\4th year\first semester\igme-540\ggp-game-engine\dx11starter\</FILEPATH>
        <FILENAME>dxcore.cpp</FILENAME>
        <LINE>217</LINE>
        <COLUMN>21</COLUMN>
      </SFA>
      <SFA>
        <FILEPATH>c:\users\kevin idzik\documents\files\important files\college\4th year\first semester\igme-540\ggp-game-engine\dx11starter\</FILEPATH>
        <FILENAME>dxcore.cpp</FILENAME>
        <LINE>225</LINE>
        <COLUMN>31</COLUMN>
      </SFA>
      <SFA>
        <FILEPATH>c:\users\kevin idzik\documents\files\important files\college\4th year\first semester\igme-540\ggp-game-engine\dx11starter\</FILEPATH>
        <FILENAME>dxcore.cpp</FILENAME>
        <LINE>229</LINE>
        <COLUMN>27</COLUMN>
      </SFA>
      <SFA>
        <FILEPATH>c:\users\kevin idzik\documents\files\important files\college\4th year\first semester\igme-540\ggp-game-engine\dx11starter\</FILEPATH>
        <FILENAME>dxcore.cpp</FILENAME>
        <LINE>232</LINE>
        <COLUMN>22</COLUMN>
      </SFA>
      <SFA>
        <FILEPATH>c:\users\kevin idzik\documents\files\important files\college\4th year\first semester\igme-540\ggp-game-engine\dx11starter\</FILEPATH>
        <FILENAME>dxcore.cpp</FILENAME>
        <LINE>233</LINE>
        <COLUMN>27</COLUMN>
      </SFA>
      <SFA>
        <FILEPATH>c:\users\kevin idzik\documents\files\important files\college\4th year\first semester\igme-540\ggp-game-engine\dx11starter\</FILEPATH>
        <FILENAME>dxcore.cpp</FILENAME>
        <LINE>234</LINE>
        <COLUMN>28</COLUMN>
      </SFA>
      <SFA>
        <FILEPATH>c:\users\kevin idzik\documents\files\important files\college\4th year\first semester\igme-540\ggp-game-engine\dx11starter\</FILEPATH>
        <FILENAME>dxcore.cpp</FILENAME>
        <LINE>235</LINE>
        <COLUMN>30</COLUMN>
      </SFA>
      <SFA>
        <FILEPATH>c:\users\kevin idzik\documents\files\important files\college\4th year\first semester\igme-540\ggp-game-engine\dx11starter\</FILEPATH>
        <FILENAME>dxcore.cpp</FILENAME>
        <LINE>236</LINE>
        <COLUMN>30</COLUMN>
      </SFA>
      <SFA>
        <FILEPATH>c:\users\kevin idzik\documents\files\important files\college\4th year\first semester\igme-540\ggp-game-engine\dx11starter\</FILEPATH>
        <FILENAME>dxcore.cpp</FILENAME>
        <LINE>237</LINE>
        <COLUMN>28</COLUMN>
      </SFA>
      <SFA>
        <FILEPATH>c:\users\kevin idzik\documents\files\important files\college\4th year\first semester\igme-540\ggp-game-engine\dx11starter\</FILEPATH>
        <FILENAME>dxcore.cpp</FILENAME>
        <LINE>238</LINE>
        <COLUMN>27</COLUMN>
      </SFA>
      <SFA>
        <FILEPATH>c:\users\kevin idzik\documents\files\important files\college\4th year\first semester\igme-540\ggp-game-engine\dx11starter\</FILEPATH>
        <FILENAME>dxcore.cpp</FILENAME>
        <LINE>239</LINE>
        <COLUMN>30</COLUMN>
      </SFA>
      <SFA>
        <FILEPATH>c:\users\kevin idzik\documents\files\important files\college\4th year\first semester\igme-540\ggp-game-engine\dx11starter\</FILEPATH>
        <FILENAME>dxcore.cpp</FILENAME>
        <LINE>240</LINE>
        <COLUMN>34</COLUMN>
      </SFA>
      <SFA>
        <FILEPATH>c:\users\kevin idzik\documents\files\important files\college\4th year\first semester\igme-540\ggp-game-engine\dx11starter\</FILEPATH>
        <FILENAME>dxcore.cpp</FILENAME>
        <LINE>241</LINE>
        <COLUMN>30</COLUMN>
      </SFA>
      <SFA>
        <FILEPATH>c:\users\kevin idzik\documents\files\important files\college\4th year\first semester\igme-540\ggp-game-engine\dx11starter\</FILEPATH>
        <FILENAME>dxcore.cpp</FILENAME>
        <LINE>242</LINE>
        <COLUMN>35</COLUMN>
      </SFA>
      <SFA>
        <FILEPATH>c:\users\kevin idzik\documents\files\important files\college\4th year\first semester\igme-540\ggp-game-engine\dx11starter\</FILEPATH>
        <FILENAME>dxcore.cpp</FILENAME>
        <LINE>243</LINE>
        <COLUMN>37</COLUMN>
      </SFA>
      <SFA>
        <FILEPATH>c:\users\kevin idzik\documents\files\important files\college\4th year\first semester\igme-540\ggp-game-engine\dx11starter\</FILEPATH>
        <FILENAME>dxcore.cpp</FILENAME>
        <LINE>247</LINE>
        <COLUMN>18</COLUMN>
      </SFA>
      <SFA>
        <FILEPATH>c:\users\kevin idzik\documents\files\important files\college\4th year\first semester\igme-540\ggp-game-engine\dx11starter\</FILEPATH>
        <FILENAME>dxcore.cpp</FILENAME>
        <LINE>248</LINE>
        <COLUMN>24</COLUMN>
        <KEYEVENT>
          <ID>1</ID>
          <KIND>declaration</KIND>
          <IMPORTANCE>Essential</IMPORTANCE>
          <MESSAGE>'depthBufferTexture' may be NULL</MESSAGE>
        </KEYEVENT>
      </SFA>
      <SFA>
        <FILEPATH>c:\users\kevin idzik\documents\files\important files\college\4th year\first semester\igme-540\ggp-game-engine\dx11starter\</FILEPATH>
        <FILENAME>dxcore.cpp</FILENAME>
        <LINE>249</LINE>
        <COLUMN>31</COLUMN>
        <KEYEVENT>
          <ID>2</ID>
          <KIND>usage</KIND>
          <IMPORTANCE>Essential</IMPORTANCE>
          <MESSAGE>'depthBufferTexture' should not be NULL, because this is not consistent with the SAL annotation on 'ID3D11Device::CreateDepthStencilView'</MESSAGE>
        </KEYEVENT>
      </SFA>
    </PATH>
  </DEFECT>
  <DEFECT>
    <SFA>
      <FILEPATH>c:\users\kevin idzik\documents\files\important files\college\4th year\first semester\igme-540\ggp-game-engine\dx11starter\</FILEPATH>
      <FILENAME>dxcore.cpp</FILENAME>
      <LINE>297</LINE>
      <COLUMN>31</COLUMN>
    </SFA>
    <DEFECTCODE>6387</DEFECTCODE>
    <DESCRIPTION>'backBufferTexture' could be '0':  this does not adhere to the specification for the function 'ID3D11Device::CreateRenderTargetView'. See line 0 for an earlier location where this can occur</DESCRIPTION>
    <FUNCTION>DXCore::OnResize</FUNCTION>
    <DECORATED>?OnResize@DXCore@@UEAAXXZ</DECORATED>
    <FUNCLINE>279</FUNCLINE>
    <PROBABILITY>1</PROBABILITY>
    <RANK>4</RANK>
    <CATEGORY>
      <RULECATEGORY>mspft</RULECATEGORY>
    </CATEGORY>
    <PATH>
      <SFA>
        <FILEPATH>c:\users\kevin idzik\documents\files\important files\college\4th year\first semester\igme-540\ggp-game-engine\dx11starter\</FILEPATH>
        <FILENAME>dxcore.cpp</FILENAME>
        <LINE>282</LINE>
        <COLUMN>5</COLUMN>
      </SFA>
      <SFA>
        <FILEPATH>c:\users\kevin idzik\documents\files\important files\college\4th year\first semester\igme-540\ggp-game-engine\dx11starter\</FILEPATH>
        <FILENAME>dxcore.cpp</FILENAME>
        <LINE>283</LINE>
        <COLUMN>5</COLUMN>
      </SFA>
      <SFA>
        <FILEPATH>c:\users\kevin idzik\documents\files\important files\college\4th year\first semester\igme-540\ggp-game-engine\dx11starter\</FILEPATH>
        <FILENAME>dxcore.cpp</FILENAME>
        <LINE>286</LINE>
        <COLUMN>25</COLUMN>
      </SFA>
      <SFA>
        <FILEPATH>c:\users\kevin idzik\documents\files\important files\college\4th year\first semester\igme-540\ggp-game-engine\dx11starter\</FILEPATH>
        <FILENAME>dxcore.cpp</FILENAME>
        <LINE>295</LINE>
        <COLUMN>18</COLUMN>
      </SFA>
      <SFA>
        <FILEPATH>c:\users\kevin idzik\documents\files\important files\college\4th year\first semester\igme-540\ggp-game-engine\dx11starter\</FILEPATH>
        <FILENAME>dxcore.cpp</FILENAME>
        <LINE>296</LINE>
        <COLUMN>21</COLUMN>
        <KEYEVENT>
          <ID>1</ID>
          <KIND>declaration</KIND>
          <IMPORTANCE>Essential</IMPORTANCE>
          <MESSAGE>'backBufferTexture' may be NULL</MESSAGE>
        </KEYEVENT>
      </SFA>
      <SFA>
        <FILEPATH>c:\users\kevin idzik\documents\files\important files\college\4th year\first semester\igme-540\ggp-game-engine\dx11starter\</FILEPATH>
        <FILENAME>dxcore.cpp</FILENAME>
        <LINE>297</LINE>
        <COLUMN>31</COLUMN>
        <KEYEVENT>
          <ID>2</ID>
          <KIND>usage</KIND>
          <IMPORTANCE>Essential</IMPORTANCE>
          <MESSAGE>'backBufferTexture' should not be NULL, because this is not consistent with the SAL annotation on 'ID3D11Device::CreateRenderTargetView'</MESSAGE>
        </KEYEVENT>
      </SFA>
    </PATH>
  </DEFECT>
  <DEFECT>
    <SFA>
      <FILEPATH>c:\users\kevin idzik\documents\files\important files\college\4th year\first semester\igme-540\ggp-game-engine\dx11starter\</FILEPATH>
      <FILENAME>dxcore.cpp</FILENAME>
      <LINE>318</LINE>
      <COLUMN>31</COLUMN>
    </SFA>
    <DEFECTCODE>6387</DEFECTCODE>
    <DESCRIPTION>'depthBufferTexture' could be '0':  this does not adhere to the specification for the function 'ID3D11Device::CreateDepthStencilView'. See line 0 for an earlier location where this can occur</DESCRIPTION>
    <FUNCTION>DXCore::OnResize</FUNCTION>
    <DECORATED>?OnResize@DXCore@@UEAAXXZ</DECORATED>
    <FUNCLINE>279</FUNCLINE>
    <PROBABILITY>1</PROBABILITY>
    <RANK>4</RANK>
    <CATEGORY>
      <RULECATEGORY>mspft</RULECATEGORY>
    </CATEGORY>
    <PATH>
      <SFA>
        <FILEPATH>c:\users\kevin idzik\documents\files\important files\college\4th year\first semester\igme-540\ggp-game-engine\dx11starter\</FILEPATH>
        <FILENAME>dxcore.cpp</FILENAME>
        <LINE>282</LINE>
        <COLUMN>5</COLUMN>
      </SFA>
      <SFA>
        <FILEPATH>c:\users\kevin idzik\documents\files\important files\college\4th year\first semester\igme-540\ggp-game-engine\dx11starter\</FILEPATH>
        <FILENAME>dxcore.cpp</FILENAME>
        <LINE>283</LINE>
        <COLUMN>5</COLUMN>
      </SFA>
      <SFA>
        <FILEPATH>c:\users\kevin idzik\documents\files\important files\college\4th year\first semester\igme-540\ggp-game-engine\dx11starter\</FILEPATH>
        <FILENAME>dxcore.cpp</FILENAME>
        <LINE>286</LINE>
        <COLUMN>25</COLUMN>
      </SFA>
      <SFA>
        <FILEPATH>c:\users\kevin idzik\documents\files\important files\college\4th year\first semester\igme-540\ggp-game-engine\dx11starter\</FILEPATH>
        <FILENAME>dxcore.cpp</FILENAME>
        <LINE>295</LINE>
        <COLUMN>18</COLUMN>
      </SFA>
      <SFA>
        <FILEPATH>c:\users\kevin idzik\documents\files\important files\college\4th year\first semester\igme-540\ggp-game-engine\dx11starter\</FILEPATH>
        <FILENAME>dxcore.cpp</FILENAME>
        <LINE>296</LINE>
        <COLUMN>21</COLUMN>
      </SFA>
      <SFA>
        <FILEPATH>c:\users\kevin idzik\documents\files\important files\college\4th year\first semester\igme-540\ggp-game-engine\dx11starter\</FILEPATH>
        <FILENAME>dxcore.cpp</FILENAME>
        <LINE>297</LINE>
        <COLUMN>31</COLUMN>
      </SFA>
      <SFA>
        <FILEPATH>c:\users\kevin idzik\documents\files\important files\college\4th year\first semester\igme-540\ggp-game-engine\dx11starter\</FILEPATH>
        <FILENAME>dxcore.cpp</FILENAME>
        <LINE>298</LINE>
        <COLUMN>27</COLUMN>
      </SFA>
      <SFA>
        <FILEPATH>c:\users\kevin idzik\documents\files\important files\college\4th year\first semester\igme-540\ggp-game-engine\dx11starter\</FILEPATH>
        <FILENAME>dxcore.cpp</FILENAME>
        <LINE>301</LINE>
        <COLUMN>22</COLUMN>
      </SFA>
      <SFA>
        <FILEPATH>c:\users\kevin idzik\documents\files\important files\college\4th year\first semester\igme-540\ggp-game-engine\dx11starter\</FILEPATH>
        <FILENAME>dxcore.cpp</FILENAME>
        <LINE>302</LINE>
        <COLUMN>27</COLUMN>
      </SFA>
      <SFA>
        <FILEPATH>c:\users\kevin idzik\documents\files\important files\college\4th year\first semester\igme-540\ggp-game-engine\dx11starter\</FILEPATH>
        <FILENAME>dxcore.cpp</FILENAME>
        <LINE>303</LINE>
        <COLUMN>28</COLUMN>
      </SFA>
      <SFA>
        <FILEPATH>c:\users\kevin idzik\documents\files\important files\college\4th year\first semester\igme-540\ggp-game-engine\dx11starter\</FILEPATH>
        <FILENAME>dxcore.cpp</FILENAME>
        <LINE>304</LINE>
        <COLUMN>30</COLUMN>
      </SFA>
      <SFA>
        <FILEPATH>c:\users\kevin idzik\documents\files\important files\college\4th year\first semester\igme-540\ggp-game-engine\dx11starter\</FILEPATH>
        <FILENAME>dxcore.cpp</FILENAME>
        <LINE>305</LINE>
        <COLUMN>30</COLUMN>
      </SFA>
      <SFA>
        <FILEPATH>c:\users\kevin idzik\documents\files\important files\college\4th year\first semester\igme-540\ggp-game-engine\dx11starter\</FILEPATH>
        <FILENAME>dxcore.cpp</FILENAME>
        <LINE>306</LINE>
        <COLUMN>28</COLUMN>
      </SFA>
      <SFA>
        <FILEPATH>c:\users\kevin idzik\documents\files\important files\college\4th year\first semester\igme-540\ggp-game-engine\dx11starter\</FILEPATH>
        <FILENAME>dxcore.cpp</FILENAME>
        <LINE>307</LINE>
        <COLUMN>27</COLUMN>
      </SFA>
      <SFA>
        <FILEPATH>c:\users\kevin idzik\documents\files\important files\college\4th year\first semester\igme-540\ggp-game-engine\dx11starter\</FILEPATH>
        <FILENAME>dxcore.cpp</FILENAME>
        <LINE>308</LINE>
        <COLUMN>30</COLUMN>
      </SFA>
      <SFA>
        <FILEPATH>c:\users\kevin idzik\documents\files\important files\college\4th year\first semester\igme-540\ggp-game-engine\dx11starter\</FILEPATH>
        <FILENAME>dxcore.cpp</FILENAME>
        <LINE>309</LINE>
        <COLUMN>34</COLUMN>
      </SFA>
      <SFA>
        <FILEPATH>c:\users\kevin idzik\documents\files\important files\college\4th year\first semester\igme-540\ggp-game-engine\dx11starter\</FILEPATH>
        <FILENAME>dxcore.cpp</FILENAME>
        <LINE>310</LINE>
        <COLUMN>30</COLUMN>
      </SFA>
      <SFA>
        <FILEPATH>c:\users\kevin idzik\documents\files\important files\college\4th year\first semester\igme-540\ggp-game-engine\dx11starter\</FILEPATH>
        <FILENAME>dxcore.cpp</FILENAME>
        <LINE>311</LINE>
        <COLUMN>35</COLUMN>
      </SFA>
      <SFA>
        <FILEPATH>c:\users\kevin idzik\documents\files\important files\college\4th year\first semester\igme-540\ggp-game-engine\dx11starter\</FILEPATH>
        <FILENAME>dxcore.cpp</FILENAME>
        <LINE>312</LINE>
        <COLUMN>37</COLUMN>
      </SFA>
      <SFA>
        <FILEPATH>c:\users\kevin idzik\documents\files\important files\college\4th year\first semester\igme-540\ggp-game-engine\dx11starter\</FILEPATH>
        <FILENAME>dxcore.cpp</FILENAME>
        <LINE>316</LINE>
        <COLUMN>18</COLUMN>
      </SFA>
      <SFA>
        <FILEPATH>c:\users\kevin idzik\documents\files\important files\college\4th year\first semester\igme-540\ggp-game-engine\dx11starter\</FILEPATH>
        <FILENAME>dxcore.cpp</FILENAME>
        <LINE>317</LINE>
        <COLUMN>24</COLUMN>
        <KEYEVENT>
          <ID>1</ID>
          <KIND>declaration</KIND>
          <IMPORTANCE>Essential</IMPORTANCE>
          <MESSAGE>'depthBufferTexture' may be NULL</MESSAGE>
        </KEYEVENT>
      </SFA>
      <SFA>
        <FILEPATH>c:\users\kevin idzik\documents\files\important files\college\4th year\first semester\igme-540\ggp-game-engine\dx11starter\</FILEPATH>
        <FILENAME>dxcore.cpp</FILENAME>
        <LINE>318</LINE>
        <COLUMN>31</COLUMN>
        <KEYEVENT>
          <ID>2</ID>
          <KIND>usage</KIND>
          <IMPORTANCE>Essential</IMPORTANCE>
          <MESSAGE>'depthBufferTexture' should not be NULL, because this is not consistent with the SAL annotation on 'ID3D11Device::CreateDepthStencilView'</MESSAGE>
        </KEYEVENT>
      </SFA>
    </PATH>
  </DEFECT>
</DEFECTS>