<?xml version="1.0" encoding="UTF-8"?>
<DEFECTS>
  <DEFECT>
    <SFA>
      <FILEPATH>c:\users\kevin idzik\documents\files\important files\college\4th year\first semester\igme-540\ggp-game-engine\dx11starter\</FILEPATH>
      <FILENAME>engine.cpp</FILENAME>
      <LINE>139</LINE>
      <COLUMN>31</COLUMN>
    </SFA>
    <DEFECTCODE>6387</DEFECTCODE>
    <DESCRIPTION>'postProcessingTexture' could be '0':  this does not adhere to the specification for the function 'ID3D11Device::CreateRenderTargetView'. See line 0 for an earlier location where this can occur</DESCRIPTION>
    <FUNCTION>Engine::Init</FUNCTION>
    <DECORATED>?Init@Engine@@UEAAXXZ</DECORATED>
    <FUNCLINE>72</FUNCLINE>
    <PROBABILITY>1</PROBABILITY>
    <RANK>4</RANK>
    <CATEGORY>
      <RULECATEGORY>mspft</RULECATEGORY>
    </CATEGORY>
    <PATH>
      <SFA>
        <FILEPATH>c:\users\kevin idzik\documents\files\important files\college\4th year\first semester\igme-540\ggp-game-engine\dx11starter\</FILEPATH>
        <FILENAME>engine.cpp</FILENAME>
        <LINE>75</LINE>
        <COLUMN>20</COLUMN>
      </SFA>
      <SFA>
        <FILEPATH>c:\users\kevin idzik\documents\files\important files\college\4th year\first semester\igme-540\ggp-game-engine\dx11starter\</FILEPATH>
        <FILENAME>engine.cpp</FILENAME>
        <LINE>77</LINE>
        <COLUMN>13</COLUMN>
      </SFA>
      <SFA>
        <FILEPATH>c:\users\kevin idzik\documents\files\important files\college\4th year\first semester\igme-540\ggp-game-engine\dx11starter\</FILEPATH>
        <FILENAME>engine.cpp</FILENAME>
        <LINE>78</LINE>
        <COLUMN>10</COLUMN>
      </SFA>
      <SFA>
        <FILEPATH>c:\users\kevin idzik\documents\files\important files\college\4th year\first semester\igme-540\ggp-game-engine\dx11starter\</FILEPATH>
        <FILENAME>engine.cpp</FILENAME>
        <LINE>81</LINE>
        <COLUMN>16</COLUMN>
      </SFA>
      <SFA>
        <FILEPATH>c:\users\kevin idzik\documents\files\important files\college\4th year\first semester\igme-540\ggp-game-engine\dx11starter\</FILEPATH>
        <FILENAME>engine.cpp</FILENAME>
        <LINE>82</LINE>
        <COLUMN>16</COLUMN>
      </SFA>
      <SFA>
        <FILEPATH>c:\users\kevin idzik\documents\files\important files\college\4th year\first semester\igme-540\ggp-game-engine\dx11starter\</FILEPATH>
        <FILENAME>engine.cpp</FILENAME>
        <LINE>84</LINE>
        <COLUMN>12</COLUMN>
      </SFA>
      <SFA>
        <FILEPATH>c:\users\kevin idzik\documents\files\important files\college\4th year\first semester\igme-540\ggp-game-engine\dx11starter\</FILEPATH>
        <FILENAME>engine.cpp</FILENAME>
        <LINE>85</LINE>
        <COLUMN>16</COLUMN>
      </SFA>
      <SFA>
        <FILEPATH>c:\users\kevin idzik\documents\files\important files\college\4th year\first semester\igme-540\ggp-game-engine\dx11starter\</FILEPATH>
        <FILENAME>engine.cpp</FILENAME>
        <LINE>86</LINE>
        <COLUMN>13</COLUMN>
      </SFA>
      <SFA>
        <FILEPATH>c:\users\kevin idzik\documents\files\important files\college\4th year\first semester\igme-540\ggp-game-engine\dx11starter\</FILEPATH>
        <FILENAME>engine.cpp</FILENAME>
        <LINE>88</LINE>
        <COLUMN>23</COLUMN>
      </SFA>
      <SFA>
        <FILEPATH>c:\users\kevin idzik\documents\files\important files\college\4th year\first semester\igme-540\ggp-game-engine\dx11starter\</FILEPATH>
        <FILENAME>engine.cpp</FILENAME>
        <LINE>92</LINE>
        <COLUMN>23</COLUMN>
      </SFA>
      <SFA>
        <FILEPATH>c:\users\kevin idzik\documents\files\important files\college\4th year\first semester\igme-540\ggp-game-engine\dx11starter\</FILEPATH>
        <FILENAME>engine.cpp</FILENAME>
        <LINE>93</LINE>
        <COLUMN>25</COLUMN>
      </SFA>
      <SFA>
        <FILEPATH>c:\users\kevin idzik\documents\files\important files\college\4th year\first semester\igme-540\ggp-game-engine\dx11starter\</FILEPATH>
        <FILENAME>engine.cpp</FILENAME>
        <LINE>94</LINE>
        <COLUMN>25</COLUMN>
      </SFA>
      <SFA>
        <FILEPATH>c:\users\kevin idzik\documents\files\important files\college\4th year\first semester\igme-540\ggp-game-engine\dx11starter\</FILEPATH>
        <FILENAME>engine.cpp</FILENAME>
        <LINE>95</LINE>
        <COLUMN>32</COLUMN>
      </SFA>
      <SFA>
        <FILEPATH>c:\users\kevin idzik\documents\files\important files\college\4th year\first semester\igme-540\ggp-game-engine\dx11starter\</FILEPATH>
        <FILENAME>engine.cpp</FILENAME>
        <LINE>96</LINE>
        <COLUMN>30</COLUMN>
      </SFA>
      <SFA>
        <FILEPATH>c:\users\kevin idzik\documents\files\important files\college\4th year\first semester\igme-540\ggp-game-engine\dx11starter\</FILEPATH>
        <FILENAME>engine.cpp</FILENAME>
        <LINE>99</LINE>
        <COLUMN>26</COLUMN>
      </SFA>
      <SFA>
        <FILEPATH>c:\users\kevin idzik\documents\files\important files\college\4th year\first semester\igme-540\ggp-game-engine\dx11starter\</FILEPATH>
        <FILENAME>engine.cpp</FILENAME>
        <LINE>100</LINE>
        <COLUMN>26</COLUMN>
      </SFA>
      <SFA>
        <FILEPATH>c:\users\kevin idzik\documents\files\important files\college\4th year\first semester\igme-540\ggp-game-engine\dx11starter\</FILEPATH>
        <FILENAME>engine.cpp</FILENAME>
        <LINE>101</LINE>
        <COLUMN>29</COLUMN>
      </SFA>
      <SFA>
        <FILEPATH>c:\users\kevin idzik\documents\files\important files\college\4th year\first semester\igme-540\ggp-game-engine\dx11starter\</FILEPATH>
        <FILENAME>engine.cpp</FILENAME>
        <LINE>102</LINE>
        <COLUMN>24</COLUMN>
      </SFA>
      <SFA>
        <FILEPATH>c:\users\kevin idzik\documents\files\important files\college\4th year\first semester\igme-540\ggp-game-engine\dx11starter\</FILEPATH>
        <FILENAME>engine.cpp</FILENAME>
        <LINE>103</LINE>
        <COLUMN>32</COLUMN>
      </SFA>
      <SFA>
        <FILEPATH>c:\users\kevin idzik\documents\files\important files\college\4th year\first semester\igme-540\ggp-game-engine\dx11starter\</FILEPATH>
        <FILENAME>engine.cpp</FILENAME>
        <LINE>108</LINE>
        <COLUMN>16</COLUMN>
      </SFA>
      <SFA>
        <FILEPATH>c:\users\kevin idzik\documents\files\important files\college\4th year\first semester\igme-540\ggp-game-engine\dx11starter\</FILEPATH>
        <FILENAME>engine.cpp</FILENAME>
        <LINE>111</LINE>
        <COLUMN>22</COLUMN>
      </SFA>
      <SFA>
        <FILEPATH>c:\users\kevin idzik\documents\files\important files\college\4th year\first semester\igme-540\ggp-game-engine\dx11starter\</FILEPATH>
        <FILENAME>engine.cpp</FILENAME>
        <LINE>112</LINE>
        <COLUMN>26</COLUMN>
      </SFA>
      <SFA>
        <FILEPATH>c:\users\kevin idzik\documents\files\important files\college\4th year\first semester\igme-540\ggp-game-engine\dx11starter\</FILEPATH>
        <FILENAME>engine.cpp</FILENAME>
        <LINE>113</LINE>
        <COLUMN>27</COLUMN>
      </SFA>
      <SFA>
        <FILEPATH>c:\users\kevin idzik\documents\files\important files\college\4th year\first semester\igme-540\ggp-game-engine\dx11starter\</FILEPATH>
        <FILENAME>engine.cpp</FILENAME>
        <LINE>114</LINE>
        <COLUMN>30</COLUMN>
      </SFA>
      <SFA>
        <FILEPATH>c:\users\kevin idzik\documents\files\important files\college\4th year\first semester\igme-540\ggp-game-engine\dx11starter\</FILEPATH>
        <FILENAME>engine.cpp</FILENAME>
        <LINE>115</LINE>
        <COLUMN>30</COLUMN>
      </SFA>
      <SFA>
        <FILEPATH>c:\users\kevin idzik\documents\files\important files\college\4th year\first semester\igme-540\ggp-game-engine\dx11starter\</FILEPATH>
        <FILENAME>engine.cpp</FILENAME>
        <LINE>116</LINE>
        <COLUMN>35</COLUMN>
      </SFA>
      <SFA>
        <FILEPATH>c:\users\kevin idzik\documents\files\important files\college\4th year\first semester\igme-540\ggp-game-engine\dx11starter\</FILEPATH>
        <FILENAME>engine.cpp</FILENAME>
        <LINE>117</LINE>
        <COLUMN>27</COLUMN>
      </SFA>
      <SFA>
        <FILEPATH>c:\users\kevin idzik\documents\files\important files\college\4th year\first semester\igme-540\ggp-game-engine\dx11starter\</FILEPATH>
        <FILENAME>engine.cpp</FILENAME>
        <LINE>118</LINE>
        <COLUMN>30</COLUMN>
      </SFA>
      <SFA>
        <FILEPATH>c:\users\kevin idzik\documents\files\important files\college\4th year\first semester\igme-540\ggp-game-engine\dx11starter\</FILEPATH>
        <FILENAME>engine.cpp</FILENAME>
        <LINE>119</LINE>
        <COLUMN>30</COLUMN>
      </SFA>
      <SFA>
        <FILEPATH>c:\users\kevin idzik\documents\files\important files\college\4th year\first semester\igme-540\ggp-game-engine\dx11starter\</FILEPATH>
        <FILENAME>engine.cpp</FILENAME>
        <LINE>120</LINE>
        <COLUMN>37</COLUMN>
      </SFA>
      <SFA>
        <FILEPATH>c:\users\kevin idzik\documents\files\important files\college\4th year\first semester\igme-540\ggp-game-engine\dx11starter\</FILEPATH>
        <FILENAME>engine.cpp</FILENAME>
        <LINE>121</LINE>
        <COLUMN>39</COLUMN>
      </SFA>
      <SFA>
        <FILEPATH>c:\users\kevin idzik\documents\files\important files\college\4th year\first semester\igme-540\ggp-game-engine\dx11starter\</FILEPATH>
        <FILENAME>engine.cpp</FILENAME>
        <LINE>122</LINE>
        <COLUMN>26</COLUMN>
      </SFA>
      <SFA>
        <FILEPATH>c:\users\kevin idzik\documents\files\important files\college\4th year\first semester\igme-540\ggp-game-engine\dx11starter\</FILEPATH>
        <FILENAME>engine.cpp</FILENAME>
        <LINE>125</LINE>
        <COLUMN>31</COLUMN>
      </SFA>
      <SFA>
        <FILEPATH>c:\users\kevin idzik\documents\files\important files\college\4th year\first semester\igme-540\ggp-game-engine\dx11starter\</FILEPATH>
        <FILENAME>engine.cpp</FILENAME>
        <LINE>126</LINE>
        <COLUMN>23</COLUMN>
      </SFA>
      <SFA>
        <FILEPATH>c:\users\kevin idzik\documents\files\important files\college\4th year\first semester\igme-540\ggp-game-engine\dx11starter\</FILEPATH>
        <FILENAME>engine.cpp</FILENAME>
        <LINE>127</LINE>
        <COLUMN>35</COLUMN>
      </SFA>
      <SFA>
        <FILEPATH>c:\users\kevin idzik\documents\files\important files\college\4th year\first semester\igme-540\ggp-game-engine\dx11starter\</FILEPATH>
        <FILENAME>engine.cpp</FILENAME>
        <LINE>128</LINE>
        <COLUMN>30</COLUMN>
      </SFA>
      <SFA>
        <FILEPATH>c:\users\kevin idzik\documents\files\important files\college\4th year\first semester\igme-540\ggp-game-engine\dx11starter\</FILEPATH>
        <FILENAME>engine.cpp</FILENAME>
        <LINE>131</LINE>
        <COLUMN>33</COLUMN>
      </SFA>
      <SFA>
        <FILEPATH>c:\users\kevin idzik\documents\files\important files\college\4th year\first semester\igme-540\ggp-game-engine\dx11starter\</FILEPATH>
        <FILENAME>engine.cpp</FILENAME>
        <LINE>132</LINE>
        <COLUMN>23</COLUMN>
      </SFA>
      <SFA>
        <FILEPATH>c:\users\kevin idzik\documents\files\important files\college\4th year\first semester\igme-540\ggp-game-engine\dx11starter\</FILEPATH>
        <FILENAME>engine.cpp</FILENAME>
        <LINE>133</LINE>
        <COLUMN>36</COLUMN>
      </SFA>
      <SFA>
        <FILEPATH>c:\users\kevin idzik\documents\files\important files\college\4th year\first semester\igme-540\ggp-game-engine\dx11starter\</FILEPATH>
        <FILENAME>engine.cpp</FILENAME>
        <LINE>134</LINE>
        <COLUMN>42</COLUMN>
      </SFA>
      <SFA>
        <FILEPATH>c:\users\kevin idzik\documents\files\important files\college\4th year\first semester\igme-540\ggp-game-engine\dx11starter\</FILEPATH>
        <FILENAME>engine.cpp</FILENAME>
        <LINE>135</LINE>
        <COLUMN>30</COLUMN>
      </SFA>
      <SFA>
        <FILEPATH>c:\users\kevin idzik\documents\files\important files\college\4th year\first semester\igme-540\ggp-game-engine\dx11starter\</FILEPATH>
        <FILENAME>engine.cpp</FILENAME>
        <LINE>138</LINE>
        <COLUMN>24</COLUMN>
        <KEYEVENT>
          <ID>1</ID>
          <KIND>declaration</KIND>
          <IMPORTANCE>Essential</IMPORTANCE>
          <MESSAGE>'postProcessingTexture' may be NULL</MESSAGE>
        </KEYEVENT>
      </SFA>
      <SFA>
        <FILEPATH>c:\users\kevin idzik\documents\files\important files\college\4th year\first semester\igme-540\ggp-game-engine\dx11starter\</FILEPATH>
        <FILENAME>engine.cpp</FILENAME>
        <LINE>139</LINE>
        <COLUMN>31</COLUMN>
        <KEYEVENT>
          <ID>2</ID>
          <KIND>usage</KIND>
          <IMPORTANCE>Essential</IMPORTANCE>
          <MESSAGE>'postProcessingTexture' should not be NULL, because this is not consistent with the SAL annotation on 'ID3D11Device::CreateRenderTargetView'</MESSAGE>
        </KEYEVENT>
      </SFA>
    </PATH>
  </DEFECT>
  <DEFECT>
    <SFA>
      <FILEPATH>c:\users\kevin idzik\documents\files\important files\college\4th year\first semester\igme-540\ggp-game-engine\dx11starter\</FILEPATH>
      <FILENAME>engine.cpp</FILENAME>
      <LINE>140</LINE>
      <COLUMN>33</COLUMN>
    </SFA>
    <DEFECTCODE>6387</DEFECTCODE>
    <DESCRIPTION>'postProcessingTexture' could be '0':  this does not adhere to the specification for the function 'ID3D11Device::CreateShaderResourceView'. See line 0 for an earlier location where this can occur</DESCRIPTION>
    <FUNCTION>Engine::Init</FUNCTION>
    <DECORATED>?Init@Engine@@UEAAXXZ</DECORATED>
    <FUNCLINE>72</FUNCLINE>
    <PROBABILITY>1</PROBABILITY>
    <RANK>4</RANK>
    <CATEGORY>
      <RULECATEGORY>mspft</RULECATEGORY>
    </CATEGORY>
    <PATH>
      <SFA>
        <FILEPATH>c:\users\kevin idzik\documents\files\important files\college\4th year\first semester\igme-540\ggp-game-engine\dx11starter\</FILEPATH>
        <FILENAME>engine.cpp</FILENAME>
        <LINE>75</LINE>
        <COLUMN>20</COLUMN>
      </SFA>
      <SFA>
        <FILEPATH>c:\users\kevin idzik\documents\files\important files\college\4th year\first semester\igme-540\ggp-game-engine\dx11starter\</FILEPATH>
        <FILENAME>engine.cpp</FILENAME>
        <LINE>77</LINE>
        <COLUMN>13</COLUMN>
      </SFA>
      <SFA>
        <FILEPATH>c:\users\kevin idzik\documents\files\important files\college\4th year\first semester\igme-540\ggp-game-engine\dx11starter\</FILEPATH>
        <FILENAME>engine.cpp</FILENAME>
        <LINE>78</LINE>
        <COLUMN>10</COLUMN>
      </SFA>
      <SFA>
        <FILEPATH>c:\users\kevin idzik\documents\files\important files\college\4th year\first semester\igme-540\ggp-game-engine\dx11starter\</FILEPATH>
        <FILENAME>engine.cpp</FILENAME>
        <LINE>81</LINE>
        <COLUMN>16</COLUMN>
      </SFA>
      <SFA>
        <FILEPATH>c:\users\kevin idzik\documents\files\important files\college\4th year\first semester\igme-540\ggp-game-engine\dx11starter\</FILEPATH>
        <FILENAME>engine.cpp</FILENAME>
        <LINE>82</LINE>
        <COLUMN>16</COLUMN>
      </SFA>
      <SFA>
        <FILEPATH>c:\users\kevin idzik\documents\files\important files\college\4th year\first semester\igme-540\ggp-game-engine\dx11starter\</FILEPATH>
        <FILENAME>engine.cpp</FILENAME>
        <LINE>84</LINE>
        <COLUMN>12</COLUMN>
      </SFA>
      <SFA>
        <FILEPATH>c:\users\kevin idzik\documents\files\important files\college\4th year\first semester\igme-540\ggp-game-engine\dx11starter\</FILEPATH>
        <FILENAME>engine.cpp</FILENAME>
        <LINE>85</LINE>
        <COLUMN>16</COLUMN>
      </SFA>
      <SFA>
        <FILEPATH>c:\users\kevin idzik\documents\files\important files\college\4th year\first semester\igme-540\ggp-game-engine\dx11starter\</FILEPATH>
        <FILENAME>engine.cpp</FILENAME>
        <LINE>86</LINE>
        <COLUMN>13</COLUMN>
      </SFA>
      <SFA>
        <FILEPATH>c:\users\kevin idzik\documents\files\important files\college\4th year\first semester\igme-540\ggp-game-engine\dx11starter\</FILEPATH>
        <FILENAME>engine.cpp</FILENAME>
        <LINE>88</LINE>
        <COLUMN>23</COLUMN>
      </SFA>
      <SFA>
        <FILEPATH>c:\users\kevin idzik\documents\files\important files\college\4th year\first semester\igme-540\ggp-game-engine\dx11starter\</FILEPATH>
        <FILENAME>engine.cpp</FILENAME>
        <LINE>92</LINE>
        <COLUMN>23</COLUMN>
      </SFA>
      <SFA>
        <FILEPATH>c:\users\kevin idzik\documents\files\important files\college\4th year\first semester\igme-540\ggp-game-engine\dx11starter\</FILEPATH>
        <FILENAME>engine.cpp</FILENAME>
        <LINE>93</LINE>
        <COLUMN>25</COLUMN>
      </SFA>
      <SFA>
        <FILEPATH>c:\users\kevin idzik\documents\files\important files\college\4th year\first semester\igme-540\ggp-game-engine\dx11starter\</FILEPATH>
        <FILENAME>engine.cpp</FILENAME>
        <LINE>94</LINE>
        <COLUMN>25</COLUMN>
      </SFA>
      <SFA>
        <FILEPATH>c:\users\kevin idzik\documents\files\important files\college\4th year\first semester\igme-540\ggp-game-engine\dx11starter\</FILEPATH>
        <FILENAME>engine.cpp</FILENAME>
        <LINE>95</LINE>
        <COLUMN>32</COLUMN>
      </SFA>
      <SFA>
        <FILEPATH>c:\users\kevin idzik\documents\files\important files\college\4th year\first semester\igme-540\ggp-game-engine\dx11starter\</FILEPATH>
        <FILENAME>engine.cpp</FILENAME>
        <LINE>96</LINE>
        <COLUMN>30</COLUMN>
      </SFA>
      <SFA>
        <FILEPATH>c:\users\kevin idzik\documents\files\important files\college\4th year\first semester\igme-540\ggp-game-engine\dx11starter\</FILEPATH>
        <FILENAME>engine.cpp</FILENAME>
        <LINE>99</LINE>
        <COLUMN>26</COLUMN>
      </SFA>
      <SFA>
        <FILEPATH>c:\users\kevin idzik\documents\files\important files\college\4th year\first semester\igme-540\ggp-game-engine\dx11starter\</FILEPATH>
        <FILENAME>engine.cpp</FILENAME>
        <LINE>100</LINE>
        <COLUMN>26</COLUMN>
      </SFA>
      <SFA>
        <FILEPATH>c:\users\kevin idzik\documents\files\important files\college\4th year\first semester\igme-540\ggp-game-engine\dx11starter\</FILEPATH>
        <FILENAME>engine.cpp</FILENAME>
        <LINE>101</LINE>
        <COLUMN>29</COLUMN>
      </SFA>
      <SFA>
        <FILEPATH>c:\users\kevin idzik\documents\files\important files\college\4th year\first semester\igme-540\ggp-game-engine\dx11starter\</FILEPATH>
        <FILENAME>engine.cpp</FILENAME>
        <LINE>102</LINE>
        <COLUMN>24</COLUMN>
      </SFA>
      <SFA>
        <FILEPATH>c:\users\kevin idzik\documents\files\important files\college\4th year\first semester\igme-540\ggp-game-engine\dx11starter\</FILEPATH>
        <FILENAME>engine.cpp</FILENAME>
        <LINE>103</LINE>
        <COLUMN>32</COLUMN>
      </SFA>
      <SFA>
        <FILEPATH>c:\users\kevin idzik\documents\files\important files\college\4th year\first semester\igme-540\ggp-game-engine\dx11starter\</FILEPATH>
        <FILENAME>engine.cpp</FILENAME>
        <LINE>108</LINE>
        <COLUMN>16</COLUMN>
      </SFA>
      <SFA>
        <FILEPATH>c:\users\kevin idzik\documents\files\important files\college\4th year\first semester\igme-540\ggp-game-engine\dx11starter\</FILEPATH>
        <FILENAME>engine.cpp</FILENAME>
        <LINE>111</LINE>
        <COLUMN>22</COLUMN>
      </SFA>
      <SFA>
        <FILEPATH>c:\users\kevin idzik\documents\files\important files\college\4th year\first semester\igme-540\ggp-game-engine\dx11starter\</FILEPATH>
        <FILENAME>engine.cpp</FILENAME>
        <LINE>112</LINE>
        <COLUMN>26</COLUMN>
      </SFA>
      <SFA>
        <FILEPATH>c:\users\kevin idzik\documents\files\important files\college\4th year\first semester\igme-540\ggp-game-engine\dx11starter\</FILEPATH>
        <FILENAME>engine.cpp</FILENAME>
        <LINE>113</LINE>
        <COLUMN>27</COLUMN>
      </SFA>
      <SFA>
        <FILEPATH>c:\users\kevin idzik\documents\files\important files\college\4th year\first semester\igme-540\ggp-game-engine\dx11starter\</FILEPATH>
        <FILENAME>engine.cpp</FILENAME>
        <LINE>114</LINE>
        <COLUMN>30</COLUMN>
      </SFA>
      <SFA>
        <FILEPATH>c:\users\kevin idzik\documents\files\important files\college\4th year\first semester\igme-540\ggp-game-engine\dx11starter\</FILEPATH>
        <FILENAME>engine.cpp</FILENAME>
        <LINE>115</LINE>
        <COLUMN>30</COLUMN>
      </SFA>
      <SFA>
        <FILEPATH>c:\users\kevin idzik\documents\files\important files\college\4th year\first semester\igme-540\ggp-game-engine\dx11starter\</FILEPATH>
        <FILENAME>engine.cpp</FILENAME>
        <LINE>116</LINE>
        <COLUMN>35</COLUMN>
      </SFA>
      <SFA>
        <FILEPATH>c:\users\kevin idzik\documents\files\important files\college\4th year\first semester\igme-540\ggp-game-engine\dx11starter\</FILEPATH>
        <FILENAME>engine.cpp</FILENAME>
        <LINE>117</LINE>
        <COLUMN>27</COLUMN>
      </SFA>
      <SFA>
        <FILEPATH>c:\users\kevin idzik\documents\files\important files\college\4th year\first semester\igme-540\ggp-game-engine\dx11starter\</FILEPATH>
        <FILENAME>engine.cpp</FILENAME>
        <LINE>118</LINE>
        <COLUMN>30</COLUMN>
      </SFA>
      <SFA>
        <FILEPATH>c:\users\kevin idzik\documents\files\important files\college\4th year\first semester\igme-540\ggp-game-engine\dx11starter\</FILEPATH>
        <FILENAME>engine.cpp</FILENAME>
        <LINE>119</LINE>
        <COLUMN>30</COLUMN>
      </SFA>
      <SFA>
        <FILEPATH>c:\users\kevin idzik\documents\files\important files\college\4th year\first semester\igme-540\ggp-game-engine\dx11starter\</FILEPATH>
        <FILENAME>engine.cpp</FILENAME>
        <LINE>120</LINE>
        <COLUMN>37</COLUMN>
      </SFA>
      <SFA>
        <FILEPATH>c:\users\kevin idzik\documents\files\important files\college\4th year\first semester\igme-540\ggp-game-engine\dx11starter\</FILEPATH>
        <FILENAME>engine.cpp</FILENAME>
        <LINE>121</LINE>
        <COLUMN>39</COLUMN>
      </SFA>
      <SFA>
        <FILEPATH>c:\users\kevin idzik\documents\files\important files\college\4th year\first semester\igme-540\ggp-game-engine\dx11starter\</FILEPATH>
        <FILENAME>engine.cpp</FILENAME>
        <LINE>122</LINE>
        <COLUMN>26</COLUMN>
      </SFA>
      <SFA>
        <FILEPATH>c:\users\kevin idzik\documents\files\important files\college\4th year\first semester\igme-540\ggp-game-engine\dx11starter\</FILEPATH>
        <FILENAME>engine.cpp</FILENAME>
        <LINE>125</LINE>
        <COLUMN>31</COLUMN>
      </SFA>
      <SFA>
        <FILEPATH>c:\users\kevin idzik\documents\files\important files\college\4th year\first semester\igme-540\ggp-game-engine\dx11starter\</FILEPATH>
        <FILENAME>engine.cpp</FILENAME>
        <LINE>126</LINE>
        <COLUMN>23</COLUMN>
      </SFA>
      <SFA>
        <FILEPATH>c:\users\kevin idzik\documents\files\important files\college\4th year\first semester\igme-540\ggp-game-engine\dx11starter\</FILEPATH>
        <FILENAME>engine.cpp</FILENAME>
        <LINE>127</LINE>
        <COLUMN>35</COLUMN>
      </SFA>
      <SFA>
        <FILEPATH>c:\users\kevin idzik\documents\files\important files\college\4th year\first semester\igme-540\ggp-game-engine\dx11starter\</FILEPATH>
        <FILENAME>engine.cpp</FILENAME>
        <LINE>128</LINE>
        <COLUMN>30</COLUMN>
      </SFA>
      <SFA>
        <FILEPATH>c:\users\kevin idzik\documents\files\important files\college\4th year\first semester\igme-540\ggp-game-engine\dx11starter\</FILEPATH>
        <FILENAME>engine.cpp</FILENAME>
        <LINE>131</LINE>
        <COLUMN>33</COLUMN>
      </SFA>
      <SFA>
        <FILEPATH>c:\users\kevin idzik\documents\files\important files\college\4th year\first semester\igme-540\ggp-game-engine\dx11starter\</FILEPATH>
        <FILENAME>engine.cpp</FILENAME>
        <LINE>132</LINE>
        <COLUMN>23</COLUMN>
      </SFA>
      <SFA>
        <FILEPATH>c:\users\kevin idzik\documents\files\important files\college\4th year\first semester\igme-540\ggp-game-engine\dx11starter\</FILEPATH>
        <FILENAME>engine.cpp</FILENAME>
        <LINE>133</LINE>
        <COLUMN>36</COLUMN>
      </SFA>
      <SFA>
        <FILEPATH>c:\users\kevin idzik\documents\files\important files\college\4th year\first semester\igme-540\ggp-game-engine\dx11starter\</FILEPATH>
        <FILENAME>engine.cpp</FILENAME>
        <LINE>134</LINE>
        <COLUMN>42</COLUMN>
      </SFA>
      <SFA>
        <FILEPATH>c:\users\kevin idzik\documents\files\important files\college\4th year\first semester\igme-540\ggp-game-engine\dx11starter\</FILEPATH>
        <FILENAME>engine.cpp</FILENAME>
        <LINE>135</LINE>
        <COLUMN>30</COLUMN>
      </SFA>
      <SFA>
        <FILEPATH>c:\users\kevin idzik\documents\files\important files\college\4th year\first semester\igme-540\ggp-game-engine\dx11starter\</FILEPATH>
        <FILENAME>engine.cpp</FILENAME>
        <LINE>138</LINE>
        <COLUMN>24</COLUMN>
        <KEYEVENT>
          <ID>1</ID>
          <KIND>declaration</KIND>
          <IMPORTANCE>Essential</IMPORTANCE>
          <MESSAGE>'postProcessingTexture' may be NULL</MESSAGE>
        </KEYEVENT>
      </SFA>
      <SFA>
        <FILEPATH>c:\users\kevin idzik\documents\files\important files\college\4th year\first semester\igme-540\ggp-game-engine\dx11starter\</FILEPATH>
        <FILENAME>engine.cpp</FILENAME>
        <LINE>139</LINE>
        <COLUMN>31</COLUMN>
        <KEYEVENT>
          <ID>2</ID>
          <KIND>usage</KIND>
          <IMPORTANCE>Full</IMPORTANCE>
          <MESSAGE>'postProcessingTexture' is an Input to 'ID3D11Device::CreateRenderTargetView' (declared at c:\program files (x86)\windows kits\10\include\10.0.15063.0\um\d3d11.h:13623)</MESSAGE>
        </KEYEVENT>
      </SFA>
      <SFA>
        <FILEPATH>c:\users\kevin idzik\documents\files\important files\college\4th year\first semester\igme-540\ggp-game-engine\dx11starter\</FILEPATH>
        <FILENAME>engine.cpp</FILENAME>
        <LINE>140</LINE>
        <COLUMN>33</COLUMN>
        <KEYEVENT>
          <ID>3</ID>
          <KIND>usage</KIND>
          <IMPORTANCE>Essential</IMPORTANCE>
          <MESSAGE>'postProcessingTexture' should not be NULL, because this is not consistent with the SAL annotation on 'ID3D11Device::CreateShaderResourceView'</MESSAGE>
        </KEYEVENT>
      </SFA>
    </PATH>
  </DEFECT>
</DEFECTS>