<?xml version="1.0" encoding="UTF-8"?>
<DEFECTS>
  <DEFECT>
    <SFA>
      <FILEPATH>c:\users\kevin idzik\documents\files\important files\college\4th year\first semester\igme-540\ggp-game-engine\dx11starter\imgui\</FILEPATH>
      <FILENAME>imgui.cpp</FILENAME>
      <LINE>2605</LINE>
      <COLUMN>15</COLUMN>
    </SFA>
    <DEFECTCODE>6340</DEFECTCODE>
    <DESCRIPTION>Mismatch on sign: 'const bool' passed as _Param_(3) when some signed type is required in call to 'fprintf'.</DESCRIPTION>
    <FUNCTION>SaveIniSettingsToDisk</FUNCTION>
    <DECORATED>?SaveIniSettingsToDisk@@YAXPEBD@Z</DECORATED>
    <FUNCLINE>2568</FUNCLINE>
    <PATH></PATH>
  </DEFECT>
  <DEFECT>
    <SFA>
      <FILEPATH>c:\users\kevin idzik\documents\files\important files\college\4th year\first semester\igme-540\ggp-game-engine\dx11starter\imgui\</FILEPATH>
      <FILENAME>imgui.cpp</FILENAME>
      <LINE>9508</LINE>
      <COLUMN>22</COLUMN>
    </SFA>
    <DEFECTCODE>6031</DEFECTCODE>
    <DESCRIPTION>Return value ignored: 'sscanf'.</DESCRIPTION>
    <FUNCTION>ImGui::ColorEdit4</FUNCTION>
    <DECORATED>?ColorEdit4@ImGui@@YA_NPEBDQEAMH@Z</DECORATED>
    <FUNCLINE>9405</FUNCLINE>
    <PATH></PATH>
  </DEFECT>
  <DEFECT>
    <SFA>
      <FILEPATH>c:\users\kevin idzik\documents\files\important files\college\4th year\first semester\igme-540\ggp-game-engine\dx11starter\imgui\</FILEPATH>
      <FILENAME>imgui.cpp</FILENAME>
      <LINE>9510</LINE>
      <COLUMN>22</COLUMN>
    </SFA>
    <DEFECTCODE>6031</DEFECTCODE>
    <DESCRIPTION>Return value ignored: 'sscanf'.</DESCRIPTION>
    <FUNCTION>ImGui::ColorEdit4</FUNCTION>
    <DECORATED>?ColorEdit4@ImGui@@YA_NPEBDQEAMH@Z</DECORATED>
    <FUNCLINE>9405</FUNCLINE>
    <PATH></PATH>
  </DEFECT>
</DEFECTS>