<?xml version="1.0" encoding="UTF-8"?>
<DEFECTS>
  <DEFECT>
    <SFA>
      <FILEPATH>c:\users\kevin idzik\documents\files\important files\college\4th year\first semester\igme-540\ggp-game-engine\dx11starter\imgui\</FILEPATH>
      <FILENAME>imgui_demo.cpp</FILENAME>
      <LINE>1926</LINE>
      <COLUMN>32</COLUMN>
    </SFA>
    <DEFECTCODE>6011</DEFECTCODE>
    <DESCRIPTION>Dereferencing NULL pointer 'font-&gt;ConfigData'. </DESCRIPTION>
    <FUNCTION>ImGui::ShowStyleEditor</FUNCTION>
    <DECORATED>?ShowStyleEditor@ImGui@@YAXPEAUImGuiStyle@@@Z</DECORATED>
    <FUNCLINE>1792</FUNCLINE>
    <PROBABILITY>1</PROBABILITY>
    <RANK>4</RANK>
    <CATEGORY>
      <RULECATEGORY>mspft</RULECATEGORY>
    </CATEGORY>
    <PATH>
      <SFA>
        <FILEPATH>c:\users\kevin idzik\documents\files\important files\college\4th year\first semester\igme-540\ggp-game-engine\dx11starter\imgui\</FILEPATH>
        <FILENAME>imgui_demo.cpp</FILENAME>
        <LINE>1794</LINE>
        <COLUMN>14</COLUMN>
      </SFA>
      <SFA>
        <FILEPATH>c:\users\kevin idzik\documents\files\important files\college\4th year\first semester\igme-540\ggp-game-engine\dx11starter\imgui\</FILEPATH>
        <FILENAME>imgui_demo.cpp</FILENAME>
        <LINE>1797</LINE>
        <COLUMN>21</COLUMN>
      </SFA>
      <SFA>
        <FILEPATH>c:\users\kevin idzik\documents\files\important files\college\4th year\first semester\igme-540\ggp-game-engine\dx11starter\imgui\</FILEPATH>
        <FILENAME>imgui_demo.cpp</FILENAME>
        <LINE>1798</LINE>
        <COLUMN>21</COLUMN>
      </SFA>
      <SFA>
        <FILEPATH>c:\users\kevin idzik\documents\files\important files\college\4th year\first semester\igme-540\ggp-game-engine\dx11starter\imgui\</FILEPATH>
        <FILENAME>imgui_demo.cpp</FILENAME>
        <LINE>1801</LINE>
        <COLUMN>8</COLUMN>
      </SFA>
      <SFA>
        <FILEPATH>c:\users\kevin idzik\documents\files\important files\college\4th year\first semester\igme-540\ggp-game-engine\dx11starter\imgui\</FILEPATH>
        <FILENAME>imgui_demo.cpp</FILENAME>
        <LINE>1808</LINE>
        <COLUMN>24</COLUMN>
      </SFA>
      <SFA>
        <FILEPATH>c:\users\kevin idzik\documents\files\important files\college\4th year\first semester\igme-540\ggp-game-engine\dx11starter\imgui\</FILEPATH>
        <FILENAME>imgui_demo.cpp</FILENAME>
        <LINE>1810</LINE>
        <COLUMN>23</COLUMN>
      </SFA>
      <SFA>
        <FILEPATH>c:\users\kevin idzik\documents\files\important files\college\4th year\first semester\igme-540\ggp-game-engine\dx11starter\imgui\</FILEPATH>
        <FILENAME>imgui_demo.cpp</FILENAME>
        <LINE>1822</LINE>
        <COLUMN>23</COLUMN>
      </SFA>
      <SFA>
        <FILEPATH>c:\users\kevin idzik\documents\files\important files\college\4th year\first semester\igme-540\ggp-game-engine\dx11starter\imgui\</FILEPATH>
        <FILENAME>imgui_demo.cpp</FILENAME>
        <LINE>1843</LINE>
        <COLUMN>23</COLUMN>
      </SFA>
      <SFA>
        <FILEPATH>c:\users\kevin idzik\documents\files\important files\college\4th year\first semester\igme-540\ggp-game-engine\dx11starter\imgui\</FILEPATH>
        <FILENAME>imgui_demo.cpp</FILENAME>
        <LINE>1898</LINE>
        <COLUMN>9</COLUMN>
      </SFA>
      <SFA>
        <FILEPATH>c:\users\kevin idzik\documents\files\important files\college\4th year\first semester\igme-540\ggp-game-engine\dx11starter\imgui\</FILEPATH>
        <FILENAME>imgui_demo.cpp</FILENAME>
        <LINE>1899</LINE>
        <COLUMN>19</COLUMN>
      </SFA>
      <SFA>
        <FILEPATH>c:\users\kevin idzik\documents\files\important files\college\4th year\first semester\igme-540\ggp-game-engine\dx11starter\imgui\</FILEPATH>
        <FILENAME>imgui_demo.cpp</FILENAME>
        <LINE>1899</LINE>
        <COLUMN>37</COLUMN>
      </SFA>
      <SFA>
        <FILEPATH>c:\users\kevin idzik\documents\files\important files\college\4th year\first semester\igme-540\ggp-game-engine\dx11starter\imgui\</FILEPATH>
        <FILENAME>imgui_demo.cpp</FILENAME>
        <LINE>1900</LINE>
        <COLUMN>8</COLUMN>
      </SFA>
      <SFA>
        <FILEPATH>c:\users\kevin idzik\documents\files\important files\college\4th year\first semester\igme-540\ggp-game-engine\dx11starter\imgui\</FILEPATH>
        <FILENAME>imgui_demo.cpp</FILENAME>
        <LINE>1902</LINE>
        <COLUMN>19</COLUMN>
      </SFA>
      <SFA>
        <FILEPATH>c:\users\kevin idzik\documents\files\important files\college\4th year\first semester\igme-540\ggp-game-engine\dx11starter\imgui\</FILEPATH>
        <FILENAME>imgui_demo.cpp</FILENAME>
        <LINE>1903</LINE>
        <COLUMN>27</COLUMN>
      </SFA>
      <SFA>
        <FILEPATH>c:\users\kevin idzik\documents\files\important files\college\4th year\first semester\igme-540\ggp-game-engine\dx11starter\imgui\</FILEPATH>
        <FILENAME>imgui_demo.cpp</FILENAME>
        <LINE>1908</LINE>
        <COLUMN>28</COLUMN>
      </SFA>
      <SFA>
        <FILEPATH>c:\users\kevin idzik\documents\files\important files\college\4th year\first semester\igme-540\ggp-game-engine\dx11starter\imgui\</FILEPATH>
        <FILENAME>imgui_demo.cpp</FILENAME>
        <LINE>1909</LINE>
        <COLUMN>17</COLUMN>
      </SFA>
      <SFA>
        <FILEPATH>c:\users\kevin idzik\documents\files\important files\college\4th year\first semester\igme-540\ggp-game-engine\dx11starter\imgui\</FILEPATH>
        <FILENAME>imgui_demo.cpp</FILENAME>
        <LINE>1909</LINE>
        <COLUMN>26</COLUMN>
      </SFA>
      <SFA>
        <FILEPATH>c:\users\kevin idzik\documents\files\important files\college\4th year\first semester\igme-540\ggp-game-engine\dx11starter\imgui\</FILEPATH>
        <FILENAME>imgui_demo.cpp</FILENAME>
        <LINE>1911</LINE>
        <COLUMN>18</COLUMN>
      </SFA>
      <SFA>
        <FILEPATH>c:\users\kevin idzik\documents\files\important files\college\4th year\first semester\igme-540\ggp-game-engine\dx11starter\imgui\</FILEPATH>
        <FILENAME>imgui_demo.cpp</FILENAME>
        <LINE>1912</LINE>
        <COLUMN>17</COLUMN>
        <KEYEVENT>
          <ID>1</ID>
          <KIND>declaration</KIND>
          <IMPORTANCE>Essential</IMPORTANCE>
          <MESSAGE>'font-&gt;ConfigData' may be NULL</MESSAGE>
        </KEYEVENT>
      </SFA>
      <SFA>
        <FILEPATH>c:\users\kevin idzik\documents\files\important files\college\4th year\first semester\igme-540\ggp-game-engine\dx11starter\imgui\</FILEPATH>
        <FILENAME>imgui_demo.cpp</FILENAME>
        <LINE>1913</LINE>
        <COLUMN>27</COLUMN>
      </SFA>
      <SFA>
        <FILEPATH>c:\users\kevin idzik\documents\files\important files\college\4th year\first semester\igme-540\ggp-game-engine\dx11starter\imgui\</FILEPATH>
        <FILENAME>imgui_demo.cpp</FILENAME>
        <LINE>1913</LINE>
        <COLUMN>53</COLUMN>
      </SFA>
      <SFA>
        <FILEPATH>c:\users\kevin idzik\documents\files\important files\college\4th year\first semester\igme-540\ggp-game-engine\dx11starter\imgui\</FILEPATH>
        <FILENAME>imgui_demo.cpp</FILENAME>
        <LINE>1914</LINE>
        <COLUMN>16</COLUMN>
        <KEYEVENT>
          <ID>2</ID>
          <KIND>branch</KIND>
          <IMPORTANCE>Full</IMPORTANCE>
          <MESSAGE>Enter this branch, (assume 'font_details_opened')</MESSAGE>
        </KEYEVENT>
      </SFA>
      <SFA>
        <FILEPATH>c:\users\kevin idzik\documents\files\important files\college\4th year\first semester\igme-540\ggp-game-engine\dx11starter\imgui\</FILEPATH>
        <FILENAME>imgui_demo.cpp</FILENAME>
        <LINE>1916</LINE>
        <COLUMN>31</COLUMN>
      </SFA>
      <SFA>
        <FILEPATH>c:\users\kevin idzik\documents\files\important files\college\4th year\first semester\igme-540\ggp-game-engine\dx11starter\imgui\</FILEPATH>
        <FILENAME>imgui_demo.cpp</FILENAME>
        <LINE>1917</LINE>
        <COLUMN>27</COLUMN>
      </SFA>
      <SFA>
        <FILEPATH>c:\users\kevin idzik\documents\files\important files\college\4th year\first semester\igme-540\ggp-game-engine\dx11starter\imgui\</FILEPATH>
        <FILENAME>imgui_demo.cpp</FILENAME>
        <LINE>1918</LINE>
        <COLUMN>30</COLUMN>
      </SFA>
      <SFA>
        <FILEPATH>c:\users\kevin idzik\documents\files\important files\college\4th year\first semester\igme-540\ggp-game-engine\dx11starter\imgui\</FILEPATH>
        <FILENAME>imgui_demo.cpp</FILENAME>
        <LINE>1919</LINE>
        <COLUMN>32</COLUMN>
      </SFA>
      <SFA>
        <FILEPATH>c:\users\kevin idzik\documents\files\important files\college\4th year\first semester\igme-540\ggp-game-engine\dx11starter\imgui\</FILEPATH>
        <FILENAME>imgui_demo.cpp</FILENAME>
        <LINE>1920</LINE>
        <COLUMN>31</COLUMN>
      </SFA>
      <SFA>
        <FILEPATH>c:\users\kevin idzik\documents\files\important files\college\4th year\first semester\igme-540\ggp-game-engine\dx11starter\imgui\</FILEPATH>
        <FILENAME>imgui_demo.cpp</FILENAME>
        <LINE>1920</LINE>
        <COLUMN>49</COLUMN>
      </SFA>
      <SFA>
        <FILEPATH>c:\users\kevin idzik\documents\files\important files\college\4th year\first semester\igme-540\ggp-game-engine\dx11starter\imgui\</FILEPATH>
        <FILENAME>imgui_demo.cpp</FILENAME>
        <LINE>1921</LINE>
        <COLUMN>27</COLUMN>
      </SFA>
      <SFA>
        <FILEPATH>c:\users\kevin idzik\documents\files\important files\college\4th year\first semester\igme-540\ggp-game-engine\dx11starter\imgui\</FILEPATH>
        <FILENAME>imgui_demo.cpp</FILENAME>
        <LINE>1922</LINE>
        <COLUMN>27</COLUMN>
      </SFA>
      <SFA>
        <FILEPATH>c:\users\kevin idzik\documents\files\important files\college\4th year\first semester\igme-540\ggp-game-engine\dx11starter\imgui\</FILEPATH>
        <FILENAME>imgui_demo.cpp</FILENAME>
        <LINE>1923</LINE>
        <COLUMN>27</COLUMN>
      </SFA>
      <SFA>
        <FILEPATH>c:\users\kevin idzik\documents\files\important files\college\4th year\first semester\igme-540\ggp-game-engine\dx11starter\imgui\</FILEPATH>
        <FILENAME>imgui_demo.cpp</FILENAME>
        <LINE>1924</LINE>
        <COLUMN>25</COLUMN>
      </SFA>
      <SFA>
        <FILEPATH>c:\users\kevin idzik\documents\files\important files\college\4th year\first semester\igme-540\ggp-game-engine\dx11starter\imgui\</FILEPATH>
        <FILENAME>imgui_demo.cpp</FILENAME>
        <LINE>1924</LINE>
        <COLUMN>48</COLUMN>
        <KEYEVENT>
          <ID>3</ID>
          <KIND>branch</KIND>
          <IMPORTANCE>Full</IMPORTANCE>
          <MESSAGE>Enter this loop, (assume 'config_i&lt;font-&gt;ConfigDataCount')</MESSAGE>
        </KEYEVENT>
      </SFA>
      <SFA>
        <FILEPATH>c:\users\kevin idzik\documents\files\important files\college\4th year\first semester\igme-540\ggp-game-engine\dx11starter\imgui\</FILEPATH>
        <FILENAME>imgui_demo.cpp</FILENAME>
        <LINE>1926</LINE>
        <COLUMN>32</COLUMN>
        <KEYEVENT>
          <ID>4</ID>
          <KIND>usage</KIND>
          <IMPORTANCE>Essential</IMPORTANCE>
          <MESSAGE>'font-&gt;ConfigData' is dereferenced, but may still be NULL</MESSAGE>
        </KEYEVENT>
      </SFA>
    </PATH>
  </DEFECT>
  <DEFECT>
    <SFA>
      <FILEPATH>c:\users\kevin idzik\documents\files\important files\college\4th year\first semester\igme-540\ggp-game-engine\dx11starter\imgui\</FILEPATH>
      <FILENAME>imgui_demo.cpp</FILENAME>
      <LINE>2306</LINE>
      <COLUMN>127</COLUMN>
    </SFA>
    <DEFECTCODE>6387</DEFECTCODE>
    <DESCRIPTION>'buff' could be '0':  this does not adhere to the specification for the function 'memcpy'. </DESCRIPTION>
    <FUNCTION>ExampleAppConsole::Strdup</FUNCTION>
    <DECORATED>?Strdup@ExampleAppConsole@@SAPEADPEBD@Z</DECORATED>
    <FUNCLINE>2306</FUNCLINE>
    <PROBABILITY>1</PROBABILITY>
    <RANK>4</RANK>
    <CATEGORY>
      <RULECATEGORY>mspft</RULECATEGORY>
    </CATEGORY>
    <PATH>
      <SFA>
        <FILEPATH>c:\users\kevin idzik\documents\files\important files\college\4th year\first semester\igme-540\ggp-game-engine\dx11starter\imgui\</FILEPATH>
        <FILENAME>imgui_demo.cpp</FILENAME>
        <LINE>2306</LINE>
        <COLUMN>78</COLUMN>
      </SFA>
      <SFA>
        <FILEPATH>c:\users\kevin idzik\documents\files\important files\college\4th year\first semester\igme-540\ggp-game-engine\dx11starter\imgui\</FILEPATH>
        <FILENAME>imgui_demo.cpp</FILENAME>
        <LINE>2306</LINE>
        <COLUMN>105</COLUMN>
        <KEYEVENT>
          <ID>1</ID>
          <KIND>declaration</KIND>
          <IMPORTANCE>Essential</IMPORTANCE>
          <MESSAGE>'buff' may be NULL</MESSAGE>
        </KEYEVENT>
      </SFA>
      <SFA>
        <FILEPATH>c:\users\kevin idzik\documents\files\important files\college\4th year\first semester\igme-540\ggp-game-engine\dx11starter\imgui\</FILEPATH>
        <FILENAME>imgui_demo.cpp</FILENAME>
        <LINE>2306</LINE>
        <COLUMN>127</COLUMN>
        <KEYEVENT>
          <ID>2</ID>
          <KIND>declaration</KIND>
          <IMPORTANCE>Full</IMPORTANCE>
          <MESSAGE>'buff' is an In/Out argument to 'memcpy' (declared at c:\program files (x86)\microsoft visual studio\2017\enterprise\vc\tools\msvc\14.11.25503\include\vcruntime_string.h:40)</MESSAGE>
        </KEYEVENT>
      </SFA>
      <SFA>
        <FILEPATH>c:\users\kevin idzik\documents\files\important files\college\4th year\first semester\igme-540\ggp-game-engine\dx11starter\imgui\</FILEPATH>
        <FILENAME>imgui_demo.cpp</FILENAME>
        <LINE>2306</LINE>
        <COLUMN>127</COLUMN>
        <KEYEVENT>
          <ID>3</ID>
          <KIND>usage</KIND>
          <IMPORTANCE>Essential</IMPORTANCE>
          <MESSAGE>'buff' should not be NULL, because this is not consistent with the SAL annotation on 'memcpy'</MESSAGE>
        </KEYEVENT>
      </SFA>
    </PATH>
  </DEFECT>
</DEFECTS>