<?xml version="1.0" encoding="UTF-8"?>
<DEFECTS>
  <DEFECT>
    <SFA>
      <FILEPATH>c:\users\kevin idzik\documents\files\important files\college\4th year\first semester\igme-540\ggp-game-engine\dx11starter\imgui\</FILEPATH>
      <FILENAME>stb_truetype.h</FILENAME>
      <LINE>3491</LINE>
      <COLUMN>15</COLUMN>
    </SFA>
    <DEFECTCODE>6385</DEFECTCODE>
    <DESCRIPTION>Reading invalid data from 'buffer':  the readable size is '_Old_3`kernel_width' bytes, but '3' bytes may be read.</DESCRIPTION>
    <FUNCTION>stbtt__h_prefilter</FUNCTION>
    <DECORATED>?stbtt__h_prefilter@@YAXPEAEHHHI@Z</DECORATED>
    <FUNCLINE>3437</FUNCLINE>
    <PROBABILITY>1</PROBABILITY>
    <RANK>4</RANK>
    <CATEGORY>
      <RULECATEGORY>mspft</RULECATEGORY>
    </CATEGORY>
    <PATH>
      <SFA>
        <FILEPATH>c:\users\kevin idzik\documents\files\important files\college\4th year\first semester\igme-540\ggp-game-engine\dx11starter\imgui\</FILEPATH>
        <FILENAME>stb_truetype.h</FILENAME>
        <LINE>3439</LINE>
        <COLUMN>17</COLUMN>
        <KEYEVENT>
          <ID>1</ID>
          <KIND>declaration</KIND>
          <IMPORTANCE>Essential</IMPORTANCE>
          <MESSAGE>'buffer' is a 8 byte array</MESSAGE>
        </KEYEVENT>
      </SFA>
      <SFA>
        <FILEPATH>c:\users\kevin idzik\documents\files\important files\college\4th year\first semester\igme-540\ggp-game-engine\dx11starter\imgui\</FILEPATH>
        <FILENAME>stb_truetype.h</FILENAME>
        <LINE>3440</LINE>
        <COLUMN>7</COLUMN>
      </SFA>
      <SFA>
        <FILEPATH>c:\users\kevin idzik\documents\files\important files\college\4th year\first semester\igme-540\ggp-game-engine\dx11starter\imgui\</FILEPATH>
        <FILENAME>stb_truetype.h</FILENAME>
        <LINE>3441</LINE>
        <COLUMN>7</COLUMN>
      </SFA>
      <SFA>
        <FILEPATH>c:\users\kevin idzik\documents\files\important files\college\4th year\first semester\igme-540\ggp-game-engine\dx11starter\imgui\</FILEPATH>
        <FILENAME>stb_truetype.h</FILENAME>
        <LINE>3442</LINE>
        <COLUMN>15</COLUMN>
        <KEYEVENT>
          <ID>2</ID>
          <KIND>declaration</KIND>
          <IMPORTANCE>Full</IMPORTANCE>
          <MESSAGE>'buffer' is an Output from 'memset' (declared at c:\program files (x86)\microsoft visual studio\2017\enterprise\vc\tools\msvc\14.11.25503\include\vcruntime_string.h:60)</MESSAGE>
        </KEYEVENT>
      </SFA>
      <SFA>
        <FILEPATH>c:\users\kevin idzik\documents\files\important files\college\4th year\first semester\igme-540\ggp-game-engine\dx11starter\imgui\</FILEPATH>
        <FILENAME>stb_truetype.h</FILENAME>
        <LINE>3443</LINE>
        <COLUMN>9</COLUMN>
      </SFA>
      <SFA>
        <FILEPATH>c:\users\kevin idzik\documents\files\important files\college\4th year\first semester\igme-540\ggp-game-engine\dx11starter\imgui\</FILEPATH>
        <FILENAME>stb_truetype.h</FILENAME>
        <LINE>3443</LINE>
        <COLUMN>15</COLUMN>
        <KEYEVENT>
          <ID>3</ID>
          <KIND>branch</KIND>
          <IMPORTANCE>Full</IMPORTANCE>
          <MESSAGE>Enter this loop, (assume 'j&lt;h')</MESSAGE>
        </KEYEVENT>
      </SFA>
      <SFA>
        <FILEPATH>c:\users\kevin idzik\documents\files\important files\college\4th year\first semester\igme-540\ggp-game-engine\dx11starter\imgui\</FILEPATH>
        <FILENAME>stb_truetype.h</FILENAME>
        <LINE>3444</LINE>
        <COLUMN>10</COLUMN>
      </SFA>
      <SFA>
        <FILEPATH>c:\users\kevin idzik\documents\files\important files\college\4th year\first semester\igme-540\ggp-game-engine\dx11starter\imgui\</FILEPATH>
        <FILENAME>stb_truetype.h</FILENAME>
        <LINE>3445</LINE>
        <COLUMN>19</COLUMN>
      </SFA>
      <SFA>
        <FILEPATH>c:\users\kevin idzik\documents\files\important files\college\4th year\first semester\igme-540\ggp-game-engine\dx11starter\imgui\</FILEPATH>
        <FILENAME>stb_truetype.h</FILENAME>
        <LINE>3446</LINE>
        <COLUMN>18</COLUMN>
        <KEYEVENT>
          <ID>4</ID>
          <KIND>declaration</KIND>
          <IMPORTANCE>Full</IMPORTANCE>
          <MESSAGE>'buffer' is an Output from 'memset' (declared at c:\program files (x86)\microsoft visual studio\2017\enterprise\vc\tools\msvc\14.11.25503\include\vcruntime_string.h:60)</MESSAGE>
        </KEYEVENT>
      </SFA>
      <SFA>
        <FILEPATH>c:\users\kevin idzik\documents\files\important files\college\4th year\first semester\igme-540\ggp-game-engine\dx11starter\imgui\</FILEPATH>
        <FILENAME>stb_truetype.h</FILENAME>
        <LINE>3448</LINE>
        <COLUMN>12</COLUMN>
      </SFA>
      <SFA>
        <FILEPATH>c:\users\kevin idzik\documents\files\important files\college\4th year\first semester\igme-540\ggp-game-engine\dx11starter\imgui\</FILEPATH>
        <FILENAME>stb_truetype.h</FILENAME>
        <LINE>3451</LINE>
        <COLUMN>14</COLUMN>
        <KEYEVENT>
          <ID>5</ID>
          <KIND>branch</KIND>
          <IMPORTANCE>Full</IMPORTANCE>
          <MESSAGE>Assume switch ( 'kernel_width' ) resolves to case 2: </MESSAGE>
        </KEYEVENT>
      </SFA>
      <SFA>
        <FILEPATH>c:\users\kevin idzik\documents\files\important files\college\4th year\first semester\igme-540\ggp-game-engine\dx11starter\imgui\</FILEPATH>
        <FILENAME>stb_truetype.h</FILENAME>
        <LINE>3452</LINE>
        <COLUMN>9</COLUMN>
      </SFA>
      <SFA>
        <FILEPATH>c:\users\kevin idzik\documents\files\important files\college\4th year\first semester\igme-540\ggp-game-engine\dx11starter\imgui\</FILEPATH>
        <FILENAME>stb_truetype.h</FILENAME>
        <LINE>3453</LINE>
        <COLUMN>18</COLUMN>
      </SFA>
      <SFA>
        <FILEPATH>c:\users\kevin idzik\documents\files\important files\college\4th year\first semester\igme-540\ggp-game-engine\dx11starter\imgui\</FILEPATH>
        <FILENAME>stb_truetype.h</FILENAME>
        <LINE>3453</LINE>
        <COLUMN>24</COLUMN>
      </SFA>
      <SFA>
        <FILEPATH>c:\users\kevin idzik\documents\files\important files\college\4th year\first semester\igme-540\ggp-game-engine\dx11starter\imgui\</FILEPATH>
        <FILENAME>stb_truetype.h</FILENAME>
        <LINE>3454</LINE>
        <COLUMN>21</COLUMN>
      </SFA>
      <SFA>
        <FILEPATH>c:\users\kevin idzik\documents\files\important files\college\4th year\first semester\igme-540\ggp-game-engine\dx11starter\imgui\</FILEPATH>
        <FILENAME>stb_truetype.h</FILENAME>
        <LINE>3455</LINE>
        <COLUMN>59</COLUMN>
      </SFA>
      <SFA>
        <FILEPATH>c:\users\kevin idzik\documents\files\important files\college\4th year\first semester\igme-540\ggp-game-engine\dx11starter\imgui\</FILEPATH>
        <FILENAME>stb_truetype.h</FILENAME>
        <LINE>3456</LINE>
        <COLUMN>25</COLUMN>
      </SFA>
      <SFA>
        <FILEPATH>c:\users\kevin idzik\documents\files\important files\college\4th year\first semester\igme-540\ggp-game-engine\dx11starter\imgui\</FILEPATH>
        <FILENAME>stb_truetype.h</FILENAME>
        <LINE>3453</LINE>
        <COLUMN>35</COLUMN>
      </SFA>
      <SFA>
        <FILEPATH>c:\users\kevin idzik\documents\files\important files\college\4th year\first semester\igme-540\ggp-game-engine\dx11starter\imgui\</FILEPATH>
        <FILENAME>stb_truetype.h</FILENAME>
        <LINE>3453</LINE>
        <COLUMN>24</COLUMN>
      </SFA>
      <SFA>
        <FILEPATH>c:\users\kevin idzik\documents\files\important files\college\4th year\first semester\igme-540\ggp-game-engine\dx11starter\imgui\</FILEPATH>
        <FILENAME>stb_truetype.h</FILENAME>
        <LINE>3489</LINE>
        <COLUMN>15</COLUMN>
        <KEYEVENT>
          <ID>6</ID>
          <KIND>branch</KIND>
          <IMPORTANCE>Full</IMPORTANCE>
          <MESSAGE>Enter this loop, (assume 'i&lt;w')</MESSAGE>
        </KEYEVENT>
      </SFA>
      <SFA>
        <FILEPATH>c:\users\kevin idzik\documents\files\important files\college\4th year\first semester\igme-540\ggp-game-engine\dx11starter\imgui\</FILEPATH>
        <FILENAME>stb_truetype.h</FILENAME>
        <LINE>3490</LINE>
        <COLUMN>9</COLUMN>
        <KEYEVENT>
          <ID>7</ID>
          <KIND>branch</KIND>
          <IMPORTANCE>Full</IMPORTANCE>
          <MESSAGE>Enter this loop, (assume '!!((pixels[i]==0))')</MESSAGE>
        </KEYEVENT>
      </SFA>
      <SFA>
        <FILEPATH>c:\users\kevin idzik\documents\files\important files\college\4th year\first semester\igme-540\ggp-game-engine\dx11starter\imgui\</FILEPATH>
        <FILENAME>stb_truetype.h</FILENAME>
        <LINE>3491</LINE>
        <COLUMN>15</COLUMN>
      </SFA>
      <SFA>
        <FILEPATH>c:\users\kevin idzik\documents\files\important files\college\4th year\first semester\igme-540\ggp-game-engine\dx11starter\imgui\</FILEPATH>
        <FILENAME>stb_truetype.h</FILENAME>
        <LINE>3492</LINE>
        <COLUMN>19</COLUMN>
      </SFA>
      <SFA>
        <FILEPATH>c:\users\kevin idzik\documents\files\important files\college\4th year\first semester\igme-540\ggp-game-engine\dx11starter\imgui\</FILEPATH>
        <FILENAME>stb_truetype.h</FILENAME>
        <LINE>3489</LINE>
        <COLUMN>20</COLUMN>
      </SFA>
      <SFA>
        <FILEPATH>c:\users\kevin idzik\documents\files\important files\college\4th year\first semester\igme-540\ggp-game-engine\dx11starter\imgui\</FILEPATH>
        <FILENAME>stb_truetype.h</FILENAME>
        <LINE>3489</LINE>
        <COLUMN>15</COLUMN>
        <KEYEVENT>
          <ID>8</ID>
          <KIND>branch</KIND>
          <IMPORTANCE>Full</IMPORTANCE>
          <MESSAGE>Continue this loop, (assume 'i&lt;w')</MESSAGE>
        </KEYEVENT>
      </SFA>
      <SFA>
        <FILEPATH>c:\users\kevin idzik\documents\files\important files\college\4th year\first semester\igme-540\ggp-game-engine\dx11starter\imgui\</FILEPATH>
        <FILENAME>stb_truetype.h</FILENAME>
        <LINE>3490</LINE>
        <COLUMN>9</COLUMN>
        <KEYEVENT>
          <ID>9</ID>
          <KIND>branch</KIND>
          <IMPORTANCE>Full</IMPORTANCE>
          <MESSAGE>Continue this loop, (assume '!!((pixels[i]==0))')</MESSAGE>
        </KEYEVENT>
      </SFA>
      <SFA>
        <FILEPATH>c:\users\kevin idzik\documents\files\important files\college\4th year\first semester\igme-540\ggp-game-engine\dx11starter\imgui\</FILEPATH>
        <FILENAME>stb_truetype.h</FILENAME>
        <LINE>3491</LINE>
        <COLUMN>15</COLUMN>
        <KEYEVENT>
          <ID>10</ID>
          <KIND>usage</KIND>
          <IMPORTANCE>Essential</IMPORTANCE>
          <MESSAGE>Invalid read from 'buffer[2]', (readable range is 0 to 1)</MESSAGE>
        </KEYEVENT>
      </SFA>
    </PATH>
  </DEFECT>
  <DEFECT>
    <SFA>
      <FILEPATH>c:\users\kevin idzik\documents\files\important files\college\4th year\first semester\igme-540\ggp-game-engine\dx11starter\imgui\</FILEPATH>
      <FILENAME>stb_truetype.h</FILENAME>
      <LINE>3553</LINE>
      <COLUMN>15</COLUMN>
    </SFA>
    <DEFECTCODE>6385</DEFECTCODE>
    <DESCRIPTION>Reading invalid data from 'buffer':  the readable size is '_Old_3`kernel_width' bytes, but '3' bytes may be read.</DESCRIPTION>
    <FUNCTION>stbtt__v_prefilter</FUNCTION>
    <DECORATED>?stbtt__v_prefilter@@YAXPEAEHHHI@Z</DECORATED>
    <FUNCLINE>3499</FUNCLINE>
    <PROBABILITY>1</PROBABILITY>
    <RANK>4</RANK>
    <CATEGORY>
      <RULECATEGORY>mspft</RULECATEGORY>
    </CATEGORY>
    <PATH>
      <SFA>
        <FILEPATH>c:\users\kevin idzik\documents\files\important files\college\4th year\first semester\igme-540\ggp-game-engine\dx11starter\imgui\</FILEPATH>
        <FILENAME>stb_truetype.h</FILENAME>
        <LINE>3501</LINE>
        <COLUMN>17</COLUMN>
        <KEYEVENT>
          <ID>1</ID>
          <KIND>declaration</KIND>
          <IMPORTANCE>Essential</IMPORTANCE>
          <MESSAGE>'buffer' is a 8 byte array</MESSAGE>
        </KEYEVENT>
      </SFA>
      <SFA>
        <FILEPATH>c:\users\kevin idzik\documents\files\important files\college\4th year\first semester\igme-540\ggp-game-engine\dx11starter\imgui\</FILEPATH>
        <FILENAME>stb_truetype.h</FILENAME>
        <LINE>3502</LINE>
        <COLUMN>7</COLUMN>
      </SFA>
      <SFA>
        <FILEPATH>c:\users\kevin idzik\documents\files\important files\college\4th year\first semester\igme-540\ggp-game-engine\dx11starter\imgui\</FILEPATH>
        <FILENAME>stb_truetype.h</FILENAME>
        <LINE>3503</LINE>
        <COLUMN>7</COLUMN>
      </SFA>
      <SFA>
        <FILEPATH>c:\users\kevin idzik\documents\files\important files\college\4th year\first semester\igme-540\ggp-game-engine\dx11starter\imgui\</FILEPATH>
        <FILENAME>stb_truetype.h</FILENAME>
        <LINE>3504</LINE>
        <COLUMN>15</COLUMN>
        <KEYEVENT>
          <ID>2</ID>
          <KIND>declaration</KIND>
          <IMPORTANCE>Full</IMPORTANCE>
          <MESSAGE>'buffer' is an Output from 'memset' (declared at c:\program files (x86)\microsoft visual studio\2017\enterprise\vc\tools\msvc\14.11.25503\include\vcruntime_string.h:60)</MESSAGE>
        </KEYEVENT>
      </SFA>
      <SFA>
        <FILEPATH>c:\users\kevin idzik\documents\files\important files\college\4th year\first semester\igme-540\ggp-game-engine\dx11starter\imgui\</FILEPATH>
        <FILENAME>stb_truetype.h</FILENAME>
        <LINE>3505</LINE>
        <COLUMN>9</COLUMN>
      </SFA>
      <SFA>
        <FILEPATH>c:\users\kevin idzik\documents\files\important files\college\4th year\first semester\igme-540\ggp-game-engine\dx11starter\imgui\</FILEPATH>
        <FILENAME>stb_truetype.h</FILENAME>
        <LINE>3505</LINE>
        <COLUMN>15</COLUMN>
        <KEYEVENT>
          <ID>3</ID>
          <KIND>branch</KIND>
          <IMPORTANCE>Full</IMPORTANCE>
          <MESSAGE>Enter this loop, (assume 'j&lt;w')</MESSAGE>
        </KEYEVENT>
      </SFA>
      <SFA>
        <FILEPATH>c:\users\kevin idzik\documents\files\important files\college\4th year\first semester\igme-540\ggp-game-engine\dx11starter\imgui\</FILEPATH>
        <FILENAME>stb_truetype.h</FILENAME>
        <LINE>3506</LINE>
        <COLUMN>10</COLUMN>
      </SFA>
      <SFA>
        <FILEPATH>c:\users\kevin idzik\documents\files\important files\college\4th year\first semester\igme-540\ggp-game-engine\dx11starter\imgui\</FILEPATH>
        <FILENAME>stb_truetype.h</FILENAME>
        <LINE>3507</LINE>
        <COLUMN>19</COLUMN>
      </SFA>
      <SFA>
        <FILEPATH>c:\users\kevin idzik\documents\files\important files\college\4th year\first semester\igme-540\ggp-game-engine\dx11starter\imgui\</FILEPATH>
        <FILENAME>stb_truetype.h</FILENAME>
        <LINE>3508</LINE>
        <COLUMN>18</COLUMN>
        <KEYEVENT>
          <ID>4</ID>
          <KIND>declaration</KIND>
          <IMPORTANCE>Full</IMPORTANCE>
          <MESSAGE>'buffer' is an Output from 'memset' (declared at c:\program files (x86)\microsoft visual studio\2017\enterprise\vc\tools\msvc\14.11.25503\include\vcruntime_string.h:60)</MESSAGE>
        </KEYEVENT>
      </SFA>
      <SFA>
        <FILEPATH>c:\users\kevin idzik\documents\files\important files\college\4th year\first semester\igme-540\ggp-game-engine\dx11starter\imgui\</FILEPATH>
        <FILENAME>stb_truetype.h</FILENAME>
        <LINE>3510</LINE>
        <COLUMN>12</COLUMN>
      </SFA>
      <SFA>
        <FILEPATH>c:\users\kevin idzik\documents\files\important files\college\4th year\first semester\igme-540\ggp-game-engine\dx11starter\imgui\</FILEPATH>
        <FILENAME>stb_truetype.h</FILENAME>
        <LINE>3513</LINE>
        <COLUMN>14</COLUMN>
        <KEYEVENT>
          <ID>5</ID>
          <KIND>branch</KIND>
          <IMPORTANCE>Full</IMPORTANCE>
          <MESSAGE>Assume switch ( 'kernel_width' ) resolves to case 2: </MESSAGE>
        </KEYEVENT>
      </SFA>
      <SFA>
        <FILEPATH>c:\users\kevin idzik\documents\files\important files\college\4th year\first semester\igme-540\ggp-game-engine\dx11starter\imgui\</FILEPATH>
        <FILENAME>stb_truetype.h</FILENAME>
        <LINE>3514</LINE>
        <COLUMN>9</COLUMN>
      </SFA>
      <SFA>
        <FILEPATH>c:\users\kevin idzik\documents\files\important files\college\4th year\first semester\igme-540\ggp-game-engine\dx11starter\imgui\</FILEPATH>
        <FILENAME>stb_truetype.h</FILENAME>
        <LINE>3515</LINE>
        <COLUMN>18</COLUMN>
      </SFA>
      <SFA>
        <FILEPATH>c:\users\kevin idzik\documents\files\important files\college\4th year\first semester\igme-540\ggp-game-engine\dx11starter\imgui\</FILEPATH>
        <FILENAME>stb_truetype.h</FILENAME>
        <LINE>3515</LINE>
        <COLUMN>24</COLUMN>
      </SFA>
      <SFA>
        <FILEPATH>c:\users\kevin idzik\documents\files\important files\college\4th year\first semester\igme-540\ggp-game-engine\dx11starter\imgui\</FILEPATH>
        <FILENAME>stb_truetype.h</FILENAME>
        <LINE>3516</LINE>
        <COLUMN>21</COLUMN>
      </SFA>
      <SFA>
        <FILEPATH>c:\users\kevin idzik\documents\files\important files\college\4th year\first semester\igme-540\ggp-game-engine\dx11starter\imgui\</FILEPATH>
        <FILENAME>stb_truetype.h</FILENAME>
        <LINE>3517</LINE>
        <COLUMN>59</COLUMN>
      </SFA>
      <SFA>
        <FILEPATH>c:\users\kevin idzik\documents\files\important files\college\4th year\first semester\igme-540\ggp-game-engine\dx11starter\imgui\</FILEPATH>
        <FILENAME>stb_truetype.h</FILENAME>
        <LINE>3518</LINE>
        <COLUMN>41</COLUMN>
      </SFA>
      <SFA>
        <FILEPATH>c:\users\kevin idzik\documents\files\important files\college\4th year\first semester\igme-540\ggp-game-engine\dx11starter\imgui\</FILEPATH>
        <FILENAME>stb_truetype.h</FILENAME>
        <LINE>3515</LINE>
        <COLUMN>35</COLUMN>
      </SFA>
      <SFA>
        <FILEPATH>c:\users\kevin idzik\documents\files\important files\college\4th year\first semester\igme-540\ggp-game-engine\dx11starter\imgui\</FILEPATH>
        <FILENAME>stb_truetype.h</FILENAME>
        <LINE>3515</LINE>
        <COLUMN>24</COLUMN>
      </SFA>
      <SFA>
        <FILEPATH>c:\users\kevin idzik\documents\files\important files\college\4th year\first semester\igme-540\ggp-game-engine\dx11starter\imgui\</FILEPATH>
        <FILENAME>stb_truetype.h</FILENAME>
        <LINE>3551</LINE>
        <COLUMN>15</COLUMN>
        <KEYEVENT>
          <ID>6</ID>
          <KIND>branch</KIND>
          <IMPORTANCE>Full</IMPORTANCE>
          <MESSAGE>Enter this loop, (assume 'i&lt;h')</MESSAGE>
        </KEYEVENT>
      </SFA>
      <SFA>
        <FILEPATH>c:\users\kevin idzik\documents\files\important files\college\4th year\first semester\igme-540\ggp-game-engine\dx11starter\imgui\</FILEPATH>
        <FILENAME>stb_truetype.h</FILENAME>
        <LINE>3552</LINE>
        <COLUMN>9</COLUMN>
        <KEYEVENT>
          <ID>7</ID>
          <KIND>branch</KIND>
          <IMPORTANCE>Full</IMPORTANCE>
          <MESSAGE>Enter this loop, (assume '&lt;branch condition&gt;')</MESSAGE>
        </KEYEVENT>
      </SFA>
      <SFA>
        <FILEPATH>c:\users\kevin idzik\documents\files\important files\college\4th year\first semester\igme-540\ggp-game-engine\dx11starter\imgui\</FILEPATH>
        <FILENAME>stb_truetype.h</FILENAME>
        <LINE>3553</LINE>
        <COLUMN>15</COLUMN>
      </SFA>
      <SFA>
        <FILEPATH>c:\users\kevin idzik\documents\files\important files\college\4th year\first semester\igme-540\ggp-game-engine\dx11starter\imgui\</FILEPATH>
        <FILENAME>stb_truetype.h</FILENAME>
        <LINE>3554</LINE>
        <COLUMN>35</COLUMN>
      </SFA>
      <SFA>
        <FILEPATH>c:\users\kevin idzik\documents\files\important files\college\4th year\first semester\igme-540\ggp-game-engine\dx11starter\imgui\</FILEPATH>
        <FILENAME>stb_truetype.h</FILENAME>
        <LINE>3551</LINE>
        <COLUMN>20</COLUMN>
      </SFA>
      <SFA>
        <FILEPATH>c:\users\kevin idzik\documents\files\important files\college\4th year\first semester\igme-540\ggp-game-engine\dx11starter\imgui\</FILEPATH>
        <FILENAME>stb_truetype.h</FILENAME>
        <LINE>3551</LINE>
        <COLUMN>15</COLUMN>
        <KEYEVENT>
          <ID>8</ID>
          <KIND>branch</KIND>
          <IMPORTANCE>Full</IMPORTANCE>
          <MESSAGE>Continue this loop, (assume 'i&lt;h')</MESSAGE>
        </KEYEVENT>
      </SFA>
      <SFA>
        <FILEPATH>c:\users\kevin idzik\documents\files\important files\college\4th year\first semester\igme-540\ggp-game-engine\dx11starter\imgui\</FILEPATH>
        <FILENAME>stb_truetype.h</FILENAME>
        <LINE>3552</LINE>
        <COLUMN>9</COLUMN>
        <KEYEVENT>
          <ID>9</ID>
          <KIND>branch</KIND>
          <IMPORTANCE>Full</IMPORTANCE>
          <MESSAGE>Continue this loop, (assume '&lt;branch condition&gt;')</MESSAGE>
        </KEYEVENT>
      </SFA>
      <SFA>
        <FILEPATH>c:\users\kevin idzik\documents\files\important files\college\4th year\first semester\igme-540\ggp-game-engine\dx11starter\imgui\</FILEPATH>
        <FILENAME>stb_truetype.h</FILENAME>
        <LINE>3553</LINE>
        <COLUMN>15</COLUMN>
        <KEYEVENT>
          <ID>10</ID>
          <KIND>usage</KIND>
          <IMPORTANCE>Essential</IMPORTANCE>
          <MESSAGE>Invalid read from 'buffer[2]', (readable range is 0 to 1)</MESSAGE>
        </KEYEVENT>
      </SFA>
    </PATH>
  </DEFECT>
  <DEFECT>
    <SFA>
      <FILEPATH>c:\users\kevin idzik\documents\files\important files\college\4th year\first semester\igme-540\ggp-game-engine\dx11starter\imgui\</FILEPATH>
      <FILENAME>imgui_draw.cpp</FILENAME>
      <LINE>444</LINE>
      <COLUMN>46</COLUMN>
    </SFA>
    <DEFECTCODE>6255</DEFECTCODE>
    <DESCRIPTION>_alloca indicates failure by raising a stack overflow exception.  Consider using _malloca instead.</DESCRIPTION>
    <FUNCTION>ImDrawList::AddPolyline</FUNCTION>
    <DECORATED>?AddPolyline@ImDrawList@@QEAAXPEBUImVec2@@HI_NM1@Z</DECORATED>
    <FUNCLINE>419</FUNCLINE>
    <PATH></PATH>
  </DEFECT>
  <DEFECT>
    <SFA>
      <FILEPATH>c:\users\kevin idzik\documents\files\important files\college\4th year\first semester\igme-540\ggp-game-engine\dx11starter\imgui\</FILEPATH>
      <FILENAME>imgui_draw.cpp</FILENAME>
      <LINE>625</LINE>
      <COLUMN>46</COLUMN>
    </SFA>
    <DEFECTCODE>6255</DEFECTCODE>
    <DESCRIPTION>_alloca indicates failure by raising a stack overflow exception.  Consider using _malloca instead.</DESCRIPTION>
    <FUNCTION>ImDrawList::AddConvexPolyFilled</FUNCTION>
    <DECORATED>?AddConvexPolyFilled@ImDrawList@@QEAAXPEBUImVec2@@HI_N@Z</DECORATED>
    <FUNCLINE>600</FUNCLINE>
    <PATH></PATH>
  </DEFECT>
  <DEFECT>
    <SFA>
      <FILEPATH>c:\users\kevin idzik\documents\files\important files\college\4th year\first semester\igme-540\ggp-game-engine\dx11starter\imgui\</FILEPATH>
      <FILENAME>imgui_draw.cpp</FILENAME>
      <LINE>632</LINE>
      <COLUMN>31</COLUMN>
    </SFA>
    <DEFECTCODE>6386</DEFECTCODE>
    <DESCRIPTION>Buffer overrun while writing to 'temp_normals':  the writable size is 'points_count*sizeof(ImVec2)' bytes, but '16' bytes might be written.</DESCRIPTION>
    <FUNCTION>ImDrawList::AddConvexPolyFilled</FUNCTION>
    <DECORATED>?AddConvexPolyFilled@ImDrawList@@QEAAXPEBUImVec2@@HI_N@Z</DECORATED>
    <FUNCLINE>600</FUNCLINE>
    <PROBABILITY>1</PROBABILITY>
    <RANK>4</RANK>
    <CATEGORY>
      <RULECATEGORY>mspft</RULECATEGORY>
    </CATEGORY>
    <PATH>
      <SFA>
        <FILEPATH>c:\users\kevin idzik\documents\files\important files\college\4th year\first semester\igme-540\ggp-game-engine\dx11starter\imgui\</FILEPATH>
        <FILENAME>imgui_draw.cpp</FILENAME>
        <LINE>602</LINE>
        <COLUMN>17</COLUMN>
      </SFA>
      <SFA>
        <FILEPATH>c:\users\kevin idzik\documents\files\important files\college\4th year\first semester\igme-540\ggp-game-engine\dx11starter\imgui\</FILEPATH>
        <FILENAME>imgui_draw.cpp</FILENAME>
        <LINE>603</LINE>
        <COLUMN>4</COLUMN>
      </SFA>
      <SFA>
        <FILEPATH>c:\users\kevin idzik\documents\files\important files\college\4th year\first semester\igme-540\ggp-game-engine\dx11starter\imgui\</FILEPATH>
        <FILENAME>imgui_draw.cpp</FILENAME>
        <LINE>606</LINE>
        <COLUMN>8</COLUMN>
      </SFA>
      <SFA>
        <FILEPATH>c:\users\kevin idzik\documents\files\important files\college\4th year\first semester\igme-540\ggp-game-engine\dx11starter\imgui\</FILEPATH>
        <FILENAME>imgui_draw.cpp</FILENAME>
        <LINE>609</LINE>
        <COLUMN>20</COLUMN>
      </SFA>
      <SFA>
        <FILEPATH>c:\users\kevin idzik\documents\files\important files\college\4th year\first semester\igme-540\ggp-game-engine\dx11starter\imgui\</FILEPATH>
        <FILENAME>imgui_draw.cpp</FILENAME>
        <LINE>610</LINE>
        <COLUMN>20</COLUMN>
      </SFA>
      <SFA>
        <FILEPATH>c:\users\kevin idzik\documents\files\important files\college\4th year\first semester\igme-540\ggp-game-engine\dx11starter\imgui\</FILEPATH>
        <FILENAME>imgui_draw.cpp</FILENAME>
        <LINE>611</LINE>
        <COLUMN>18</COLUMN>
      </SFA>
      <SFA>
        <FILEPATH>c:\users\kevin idzik\documents\files\important files\college\4th year\first semester\igme-540\ggp-game-engine\dx11starter\imgui\</FILEPATH>
        <FILENAME>imgui_draw.cpp</FILENAME>
        <LINE>612</LINE>
        <COLUMN>18</COLUMN>
      </SFA>
      <SFA>
        <FILEPATH>c:\users\kevin idzik\documents\files\important files\college\4th year\first semester\igme-540\ggp-game-engine\dx11starter\imgui\</FILEPATH>
        <FILENAME>imgui_draw.cpp</FILENAME>
        <LINE>613</LINE>
        <COLUMN>19</COLUMN>
      </SFA>
      <SFA>
        <FILEPATH>c:\users\kevin idzik\documents\files\important files\college\4th year\first semester\igme-540\ggp-game-engine\dx11starter\imgui\</FILEPATH>
        <FILENAME>imgui_draw.cpp</FILENAME>
        <LINE>616</LINE>
        <COLUMN>21</COLUMN>
      </SFA>
      <SFA>
        <FILEPATH>c:\users\kevin idzik\documents\files\important files\college\4th year\first semester\igme-540\ggp-game-engine\dx11starter\imgui\</FILEPATH>
        <FILENAME>imgui_draw.cpp</FILENAME>
        <LINE>617</LINE>
        <COLUMN>21</COLUMN>
      </SFA>
      <SFA>
        <FILEPATH>c:\users\kevin idzik\documents\files\important files\college\4th year\first semester\igme-540\ggp-game-engine\dx11starter\imgui\</FILEPATH>
        <FILENAME>imgui_draw.cpp</FILENAME>
        <LINE>618</LINE>
        <COLUMN>17</COLUMN>
      </SFA>
      <SFA>
        <FILEPATH>c:\users\kevin idzik\documents\files\important files\college\4th year\first semester\igme-540\ggp-game-engine\dx11starter\imgui\</FILEPATH>
        <FILENAME>imgui_draw.cpp</FILENAME>
        <LINE>618</LINE>
        <COLUMN>26</COLUMN>
      </SFA>
      <SFA>
        <FILEPATH>c:\users\kevin idzik\documents\files\important files\college\4th year\first semester\igme-540\ggp-game-engine\dx11starter\imgui\</FILEPATH>
        <FILENAME>imgui_draw.cpp</FILENAME>
        <LINE>625</LINE>
        <COLUMN>14</COLUMN>
        <KEYEVENT>
          <ID>1</ID>
          <KIND>declaration</KIND>
          <IMPORTANCE>Essential</IMPORTANCE>
          <MESSAGE>'temp_normals' is a 0 byte array</MESSAGE>
        </KEYEVENT>
      </SFA>
      <SFA>
        <FILEPATH>c:\users\kevin idzik\documents\files\important files\college\4th year\first semester\igme-540\ggp-game-engine\dx11starter\imgui\</FILEPATH>
        <FILENAME>imgui_draw.cpp</FILENAME>
        <LINE>626</LINE>
        <COLUMN>17</COLUMN>
      </SFA>
      <SFA>
        <FILEPATH>c:\users\kevin idzik\documents\files\important files\college\4th year\first semester\igme-540\ggp-game-engine\dx11starter\imgui\</FILEPATH>
        <FILENAME>imgui_draw.cpp</FILENAME>
        <LINE>626</LINE>
        <COLUMN>38</COLUMN>
      </SFA>
      <SFA>
        <FILEPATH>c:\users\kevin idzik\documents\files\important files\college\4th year\first semester\igme-540\ggp-game-engine\dx11starter\imgui\</FILEPATH>
        <FILENAME>imgui_draw.cpp</FILENAME>
        <LINE>626</LINE>
        <COLUMN>49</COLUMN>
        <KEYEVENT>
          <ID>2</ID>
          <KIND>branch</KIND>
          <IMPORTANCE>Full</IMPORTANCE>
          <MESSAGE>Enter this loop, (assume 'i1&lt;points_count')</MESSAGE>
        </KEYEVENT>
      </SFA>
      <SFA>
        <FILEPATH>c:\users\kevin idzik\documents\files\important files\college\4th year\first semester\igme-540\ggp-game-engine\dx11starter\imgui\</FILEPATH>
        <FILENAME>imgui_draw.cpp</FILENAME>
        <LINE>628</LINE>
        <COLUMN>24</COLUMN>
      </SFA>
      <SFA>
        <FILEPATH>c:\users\kevin idzik\documents\files\important files\college\4th year\first semester\igme-540\ggp-game-engine\dx11starter\imgui\</FILEPATH>
        <FILENAME>imgui_draw.cpp</FILENAME>
        <LINE>629</LINE>
        <COLUMN>24</COLUMN>
      </SFA>
      <SFA>
        <FILEPATH>c:\users\kevin idzik\documents\files\important files\college\4th year\first semester\igme-540\ggp-game-engine\dx11starter\imgui\</FILEPATH>
        <FILENAME>imgui_draw.cpp</FILENAME>
        <LINE>630</LINE>
        <COLUMN>19</COLUMN>
      </SFA>
      <SFA>
        <FILEPATH>c:\users\kevin idzik\documents\files\important files\college\4th year\first semester\igme-540\ggp-game-engine\dx11starter\imgui\</FILEPATH>
        <FILENAME>imgui_draw.cpp</FILENAME>
        <LINE>631</LINE>
        <COLUMN>17</COLUMN>
      </SFA>
      <SFA>
        <FILEPATH>c:\users\kevin idzik\documents\files\important files\college\4th year\first semester\igme-540\ggp-game-engine\dx11starter\imgui\</FILEPATH>
        <FILENAME>imgui_draw.cpp</FILENAME>
        <LINE>632</LINE>
        <COLUMN>31</COLUMN>
        <KEYEVENT>
          <ID>3</ID>
          <KIND>usage</KIND>
          <IMPORTANCE>Essential</IMPORTANCE>
          <MESSAGE>Invalid write to 'temp_normals', (outside its writable range)</MESSAGE>
        </KEYEVENT>
      </SFA>
    </PATH>
  </DEFECT>
  <DEFECT>
    <SFA>
      <FILEPATH>c:\users\kevin idzik\documents\files\important files\college\4th year\first semester\igme-540\ggp-game-engine\dx11starter\imgui\</FILEPATH>
      <FILENAME>imgui_draw.cpp</FILENAME>
      <LINE>639</LINE>
      <COLUMN>24</COLUMN>
    </SFA>
    <DEFECTCODE>6385</DEFECTCODE>
    <DESCRIPTION>Reading invalid data from 'temp_normals':  the readable size is 'points_count*sizeof(ImVec2)' bytes, but '16' bytes may be read.</DESCRIPTION>
    <FUNCTION>ImDrawList::AddConvexPolyFilled</FUNCTION>
    <DECORATED>?AddConvexPolyFilled@ImDrawList@@QEAAXPEBUImVec2@@HI_N@Z</DECORATED>
    <FUNCLINE>600</FUNCLINE>
    <PROBABILITY>1</PROBABILITY>
    <RANK>4</RANK>
    <CATEGORY>
      <RULECATEGORY>mspft</RULECATEGORY>
    </CATEGORY>
    <PATH>
      <SFA>
        <FILEPATH>c:\users\kevin idzik\documents\files\important files\college\4th year\first semester\igme-540\ggp-game-engine\dx11starter\imgui\</FILEPATH>
        <FILENAME>imgui_draw.cpp</FILENAME>
        <LINE>602</LINE>
        <COLUMN>17</COLUMN>
      </SFA>
      <SFA>
        <FILEPATH>c:\users\kevin idzik\documents\files\important files\college\4th year\first semester\igme-540\ggp-game-engine\dx11starter\imgui\</FILEPATH>
        <FILENAME>imgui_draw.cpp</FILENAME>
        <LINE>603</LINE>
        <COLUMN>4</COLUMN>
      </SFA>
      <SFA>
        <FILEPATH>c:\users\kevin idzik\documents\files\important files\college\4th year\first semester\igme-540\ggp-game-engine\dx11starter\imgui\</FILEPATH>
        <FILENAME>imgui_draw.cpp</FILENAME>
        <LINE>606</LINE>
        <COLUMN>8</COLUMN>
      </SFA>
      <SFA>
        <FILEPATH>c:\users\kevin idzik\documents\files\important files\college\4th year\first semester\igme-540\ggp-game-engine\dx11starter\imgui\</FILEPATH>
        <FILENAME>imgui_draw.cpp</FILENAME>
        <LINE>609</LINE>
        <COLUMN>20</COLUMN>
      </SFA>
      <SFA>
        <FILEPATH>c:\users\kevin idzik\documents\files\important files\college\4th year\first semester\igme-540\ggp-game-engine\dx11starter\imgui\</FILEPATH>
        <FILENAME>imgui_draw.cpp</FILENAME>
        <LINE>610</LINE>
        <COLUMN>20</COLUMN>
      </SFA>
      <SFA>
        <FILEPATH>c:\users\kevin idzik\documents\files\important files\college\4th year\first semester\igme-540\ggp-game-engine\dx11starter\imgui\</FILEPATH>
        <FILENAME>imgui_draw.cpp</FILENAME>
        <LINE>611</LINE>
        <COLUMN>18</COLUMN>
      </SFA>
      <SFA>
        <FILEPATH>c:\users\kevin idzik\documents\files\important files\college\4th year\first semester\igme-540\ggp-game-engine\dx11starter\imgui\</FILEPATH>
        <FILENAME>imgui_draw.cpp</FILENAME>
        <LINE>612</LINE>
        <COLUMN>18</COLUMN>
      </SFA>
      <SFA>
        <FILEPATH>c:\users\kevin idzik\documents\files\important files\college\4th year\first semester\igme-540\ggp-game-engine\dx11starter\imgui\</FILEPATH>
        <FILENAME>imgui_draw.cpp</FILENAME>
        <LINE>613</LINE>
        <COLUMN>19</COLUMN>
      </SFA>
      <SFA>
        <FILEPATH>c:\users\kevin idzik\documents\files\important files\college\4th year\first semester\igme-540\ggp-game-engine\dx11starter\imgui\</FILEPATH>
        <FILENAME>imgui_draw.cpp</FILENAME>
        <LINE>616</LINE>
        <COLUMN>21</COLUMN>
      </SFA>
      <SFA>
        <FILEPATH>c:\users\kevin idzik\documents\files\important files\college\4th year\first semester\igme-540\ggp-game-engine\dx11starter\imgui\</FILEPATH>
        <FILENAME>imgui_draw.cpp</FILENAME>
        <LINE>617</LINE>
        <COLUMN>21</COLUMN>
      </SFA>
      <SFA>
        <FILEPATH>c:\users\kevin idzik\documents\files\important files\college\4th year\first semester\igme-540\ggp-game-engine\dx11starter\imgui\</FILEPATH>
        <FILENAME>imgui_draw.cpp</FILENAME>
        <LINE>618</LINE>
        <COLUMN>17</COLUMN>
      </SFA>
      <SFA>
        <FILEPATH>c:\users\kevin idzik\documents\files\important files\college\4th year\first semester\igme-540\ggp-game-engine\dx11starter\imgui\</FILEPATH>
        <FILENAME>imgui_draw.cpp</FILENAME>
        <LINE>618</LINE>
        <COLUMN>26</COLUMN>
      </SFA>
      <SFA>
        <FILEPATH>c:\users\kevin idzik\documents\files\important files\college\4th year\first semester\igme-540\ggp-game-engine\dx11starter\imgui\</FILEPATH>
        <FILENAME>imgui_draw.cpp</FILENAME>
        <LINE>625</LINE>
        <COLUMN>14</COLUMN>
        <KEYEVENT>
          <ID>1</ID>
          <KIND>declaration</KIND>
          <IMPORTANCE>Essential</IMPORTANCE>
          <MESSAGE>'temp_normals' is a 0 byte array</MESSAGE>
        </KEYEVENT>
      </SFA>
      <SFA>
        <FILEPATH>c:\users\kevin idzik\documents\files\important files\college\4th year\first semester\igme-540\ggp-game-engine\dx11starter\imgui\</FILEPATH>
        <FILENAME>imgui_draw.cpp</FILENAME>
        <LINE>626</LINE>
        <COLUMN>17</COLUMN>
      </SFA>
      <SFA>
        <FILEPATH>c:\users\kevin idzik\documents\files\important files\college\4th year\first semester\igme-540\ggp-game-engine\dx11starter\imgui\</FILEPATH>
        <FILENAME>imgui_draw.cpp</FILENAME>
        <LINE>626</LINE>
        <COLUMN>38</COLUMN>
      </SFA>
      <SFA>
        <FILEPATH>c:\users\kevin idzik\documents\files\important files\college\4th year\first semester\igme-540\ggp-game-engine\dx11starter\imgui\</FILEPATH>
        <FILENAME>imgui_draw.cpp</FILENAME>
        <LINE>626</LINE>
        <COLUMN>49</COLUMN>
      </SFA>
      <SFA>
        <FILEPATH>c:\users\kevin idzik\documents\files\important files\college\4th year\first semester\igme-540\ggp-game-engine\dx11starter\imgui\</FILEPATH>
        <FILENAME>imgui_draw.cpp</FILENAME>
        <LINE>628</LINE>
        <COLUMN>24</COLUMN>
      </SFA>
      <SFA>
        <FILEPATH>c:\users\kevin idzik\documents\files\important files\college\4th year\first semester\igme-540\ggp-game-engine\dx11starter\imgui\</FILEPATH>
        <FILENAME>imgui_draw.cpp</FILENAME>
        <LINE>629</LINE>
        <COLUMN>24</COLUMN>
      </SFA>
      <SFA>
        <FILEPATH>c:\users\kevin idzik\documents\files\important files\college\4th year\first semester\igme-540\ggp-game-engine\dx11starter\imgui\</FILEPATH>
        <FILENAME>imgui_draw.cpp</FILENAME>
        <LINE>630</LINE>
        <COLUMN>19</COLUMN>
      </SFA>
      <SFA>
        <FILEPATH>c:\users\kevin idzik\documents\files\important files\college\4th year\first semester\igme-540\ggp-game-engine\dx11starter\imgui\</FILEPATH>
        <FILENAME>imgui_draw.cpp</FILENAME>
        <LINE>631</LINE>
        <COLUMN>17</COLUMN>
      </SFA>
      <SFA>
        <FILEPATH>c:\users\kevin idzik\documents\files\important files\college\4th year\first semester\igme-540\ggp-game-engine\dx11starter\imgui\</FILEPATH>
        <FILENAME>imgui_draw.cpp</FILENAME>
        <LINE>632</LINE>
        <COLUMN>31</COLUMN>
      </SFA>
      <SFA>
        <FILEPATH>c:\users\kevin idzik\documents\files\important files\college\4th year\first semester\igme-540\ggp-game-engine\dx11starter\imgui\</FILEPATH>
        <FILENAME>imgui_draw.cpp</FILENAME>
        <LINE>633</LINE>
        <COLUMN>31</COLUMN>
      </SFA>
      <SFA>
        <FILEPATH>c:\users\kevin idzik\documents\files\important files\college\4th year\first semester\igme-540\ggp-game-engine\dx11starter\imgui\</FILEPATH>
        <FILENAME>imgui_draw.cpp</FILENAME>
        <LINE>626</LINE>
        <COLUMN>68</COLUMN>
      </SFA>
      <SFA>
        <FILEPATH>c:\users\kevin idzik\documents\files\important files\college\4th year\first semester\igme-540\ggp-game-engine\dx11starter\imgui\</FILEPATH>
        <FILENAME>imgui_draw.cpp</FILENAME>
        <LINE>626</LINE>
        <COLUMN>49</COLUMN>
      </SFA>
      <SFA>
        <FILEPATH>c:\users\kevin idzik\documents\files\important files\college\4th year\first semester\igme-540\ggp-game-engine\dx11starter\imgui\</FILEPATH>
        <FILENAME>imgui_draw.cpp</FILENAME>
        <LINE>628</LINE>
        <COLUMN>24</COLUMN>
      </SFA>
      <SFA>
        <FILEPATH>c:\users\kevin idzik\documents\files\important files\college\4th year\first semester\igme-540\ggp-game-engine\dx11starter\imgui\</FILEPATH>
        <FILENAME>imgui_draw.cpp</FILENAME>
        <LINE>629</LINE>
        <COLUMN>24</COLUMN>
      </SFA>
      <SFA>
        <FILEPATH>c:\users\kevin idzik\documents\files\important files\college\4th year\first semester\igme-540\ggp-game-engine\dx11starter\imgui\</FILEPATH>
        <FILENAME>imgui_draw.cpp</FILENAME>
        <LINE>630</LINE>
        <COLUMN>19</COLUMN>
      </SFA>
      <SFA>
        <FILEPATH>c:\users\kevin idzik\documents\files\important files\college\4th year\first semester\igme-540\ggp-game-engine\dx11starter\imgui\</FILEPATH>
        <FILENAME>imgui_draw.cpp</FILENAME>
        <LINE>631</LINE>
        <COLUMN>17</COLUMN>
      </SFA>
      <SFA>
        <FILEPATH>c:\users\kevin idzik\documents\files\important files\college\4th year\first semester\igme-540\ggp-game-engine\dx11starter\imgui\</FILEPATH>
        <FILENAME>imgui_draw.cpp</FILENAME>
        <LINE>632</LINE>
        <COLUMN>31</COLUMN>
      </SFA>
      <SFA>
        <FILEPATH>c:\users\kevin idzik\documents\files\important files\college\4th year\first semester\igme-540\ggp-game-engine\dx11starter\imgui\</FILEPATH>
        <FILENAME>imgui_draw.cpp</FILENAME>
        <LINE>633</LINE>
        <COLUMN>31</COLUMN>
      </SFA>
      <SFA>
        <FILEPATH>c:\users\kevin idzik\documents\files\important files\college\4th year\first semester\igme-540\ggp-game-engine\dx11starter\imgui\</FILEPATH>
        <FILENAME>imgui_draw.cpp</FILENAME>
        <LINE>626</LINE>
        <COLUMN>68</COLUMN>
      </SFA>
      <SFA>
        <FILEPATH>c:\users\kevin idzik\documents\files\important files\college\4th year\first semester\igme-540\ggp-game-engine\dx11starter\imgui\</FILEPATH>
        <FILENAME>imgui_draw.cpp</FILENAME>
        <LINE>626</LINE>
        <COLUMN>49</COLUMN>
      </SFA>
      <SFA>
        <FILEPATH>c:\users\kevin idzik\documents\files\important files\college\4th year\first semester\igme-540\ggp-game-engine\dx11starter\imgui\</FILEPATH>
        <FILENAME>imgui_draw.cpp</FILENAME>
        <LINE>636</LINE>
        <COLUMN>17</COLUMN>
      </SFA>
      <SFA>
        <FILEPATH>c:\users\kevin idzik\documents\files\important files\college\4th year\first semester\igme-540\ggp-game-engine\dx11starter\imgui\</FILEPATH>
        <FILENAME>imgui_draw.cpp</FILENAME>
        <LINE>636</LINE>
        <COLUMN>38</COLUMN>
      </SFA>
      <SFA>
        <FILEPATH>c:\users\kevin idzik\documents\files\important files\college\4th year\first semester\igme-540\ggp-game-engine\dx11starter\imgui\</FILEPATH>
        <FILENAME>imgui_draw.cpp</FILENAME>
        <LINE>636</LINE>
        <COLUMN>49</COLUMN>
        <KEYEVENT>
          <ID>2</ID>
          <KIND>branch</KIND>
          <IMPORTANCE>Full</IMPORTANCE>
          <MESSAGE>Enter this loop, (assume 'i1&lt;points_count')</MESSAGE>
        </KEYEVENT>
      </SFA>
      <SFA>
        <FILEPATH>c:\users\kevin idzik\documents\files\important files\college\4th year\first semester\igme-540\ggp-game-engine\dx11starter\imgui\</FILEPATH>
        <FILENAME>imgui_draw.cpp</FILENAME>
        <LINE>639</LINE>
        <COLUMN>24</COLUMN>
        <KEYEVENT>
          <ID>3</ID>
          <KIND>usage</KIND>
          <IMPORTANCE>Essential</IMPORTANCE>
          <MESSAGE>Invalid read from 'temp_normals', (outside its readable range)</MESSAGE>
        </KEYEVENT>
      </SFA>
    </PATH>
  </DEFECT>
</DEFECTS>