<?xml version="1.0" encoding="UTF-8"?>
<DEFECTS>
  <DEFECT>
    <SFA>
      <FILEPATH>c:\users\kevin idzik\documents\files\important files\college\4th year\first semester\igme-540\ggp-game-engine\dx11starter\imgui\</FILEPATH>
      <FILENAME>imgui_impl_dx11.cpp</FILENAME>
      <LINE>318</LINE>
      <COLUMN>46</COLUMN>
    </SFA>
    <DEFECTCODE>6387</DEFECTCODE>
    <DESCRIPTION>'pTexture' could be '0':  this does not adhere to the specification for the function 'ID3D11Device::CreateShaderResourceView'. See line 0 for an earlier location where this can occur</DESCRIPTION>
    <FUNCTION>ImGui_ImplDX11_CreateFontsTexture</FUNCTION>
    <DECORATED>?ImGui_ImplDX11_CreateFontsTexture@@YAXXZ</DECORATED>
    <FUNCLINE>282</FUNCLINE>
    <PROBABILITY>1</PROBABILITY>
    <RANK>4</RANK>
    <CATEGORY>
      <RULECATEGORY>mspft</RULECATEGORY>
    </CATEGORY>
    <PATH>
      <SFA>
        <FILEPATH>c:\users\kevin idzik\documents\files\important files\college\4th year\first semester\igme-540\ggp-game-engine\dx11starter\imgui\</FILEPATH>
        <FILENAME>imgui_impl_dx11.cpp</FILENAME>
        <LINE>285</LINE>
        <COLUMN>11</COLUMN>
      </SFA>
      <SFA>
        <FILEPATH>c:\users\kevin idzik\documents\files\important files\college\4th year\first semester\igme-540\ggp-game-engine\dx11starter\imgui\</FILEPATH>
        <FILENAME>imgui_impl_dx11.cpp</FILENAME>
        <LINE>286</LINE>
        <COLUMN>19</COLUMN>
      </SFA>
      <SFA>
        <FILEPATH>c:\users\kevin idzik\documents\files\important files\college\4th year\first semester\igme-540\ggp-game-engine\dx11starter\imgui\</FILEPATH>
        <FILENAME>imgui_impl_dx11.cpp</FILENAME>
        <LINE>287</LINE>
        <COLUMN>8</COLUMN>
      </SFA>
      <SFA>
        <FILEPATH>c:\users\kevin idzik\documents\files\important files\college\4th year\first semester\igme-540\ggp-game-engine\dx11starter\imgui\</FILEPATH>
        <FILENAME>imgui_impl_dx11.cpp</FILENAME>
        <LINE>287</LINE>
        <COLUMN>15</COLUMN>
      </SFA>
      <SFA>
        <FILEPATH>c:\users\kevin idzik\documents\files\important files\college\4th year\first semester\igme-540\ggp-game-engine\dx11starter\imgui\</FILEPATH>
        <FILENAME>imgui_impl_dx11.cpp</FILENAME>
        <LINE>288</LINE>
        <COLUMN>32</COLUMN>
      </SFA>
      <SFA>
        <FILEPATH>c:\users\kevin idzik\documents\files\important files\college\4th year\first semester\igme-540\ggp-game-engine\dx11starter\imgui\</FILEPATH>
        <FILENAME>imgui_impl_dx11.cpp</FILENAME>
        <LINE>292</LINE>
        <COLUMN>29</COLUMN>
      </SFA>
      <SFA>
        <FILEPATH>c:\users\kevin idzik\documents\files\important files\college\4th year\first semester\igme-540\ggp-game-engine\dx11starter\imgui\</FILEPATH>
        <FILENAME>imgui_impl_dx11.cpp</FILENAME>
        <LINE>293</LINE>
        <COLUMN>8</COLUMN>
      </SFA>
      <SFA>
        <FILEPATH>c:\users\kevin idzik\documents\files\important files\college\4th year\first semester\igme-540\ggp-game-engine\dx11starter\imgui\</FILEPATH>
        <FILENAME>imgui_impl_dx11.cpp</FILENAME>
        <LINE>294</LINE>
        <COLUMN>19</COLUMN>
      </SFA>
      <SFA>
        <FILEPATH>c:\users\kevin idzik\documents\files\important files\college\4th year\first semester\igme-540\ggp-game-engine\dx11starter\imgui\</FILEPATH>
        <FILENAME>imgui_impl_dx11.cpp</FILENAME>
        <LINE>295</LINE>
        <COLUMN>20</COLUMN>
      </SFA>
      <SFA>
        <FILEPATH>c:\users\kevin idzik\documents\files\important files\college\4th year\first semester\igme-540\ggp-game-engine\dx11starter\imgui\</FILEPATH>
        <FILENAME>imgui_impl_dx11.cpp</FILENAME>
        <LINE>296</LINE>
        <COLUMN>23</COLUMN>
      </SFA>
      <SFA>
        <FILEPATH>c:\users\kevin idzik\documents\files\important files\college\4th year\first semester\igme-540\ggp-game-engine\dx11starter\imgui\</FILEPATH>
        <FILENAME>imgui_impl_dx11.cpp</FILENAME>
        <LINE>297</LINE>
        <COLUMN>23</COLUMN>
      </SFA>
      <SFA>
        <FILEPATH>c:\users\kevin idzik\documents\files\important files\college\4th year\first semester\igme-540\ggp-game-engine\dx11starter\imgui\</FILEPATH>
        <FILENAME>imgui_impl_dx11.cpp</FILENAME>
        <LINE>298</LINE>
        <COLUMN>20</COLUMN>
      </SFA>
      <SFA>
        <FILEPATH>c:\users\kevin idzik\documents\files\important files\college\4th year\first semester\igme-540\ggp-game-engine\dx11starter\imgui\</FILEPATH>
        <FILENAME>imgui_impl_dx11.cpp</FILENAME>
        <LINE>299</LINE>
        <COLUMN>30</COLUMN>
      </SFA>
      <SFA>
        <FILEPATH>c:\users\kevin idzik\documents\files\important files\college\4th year\first semester\igme-540\ggp-game-engine\dx11starter\imgui\</FILEPATH>
        <FILENAME>imgui_impl_dx11.cpp</FILENAME>
        <LINE>300</LINE>
        <COLUMN>19</COLUMN>
      </SFA>
      <SFA>
        <FILEPATH>c:\users\kevin idzik\documents\files\important files\college\4th year\first semester\igme-540\ggp-game-engine\dx11starter\imgui\</FILEPATH>
        <FILENAME>imgui_impl_dx11.cpp</FILENAME>
        <LINE>301</LINE>
        <COLUMN>23</COLUMN>
      </SFA>
      <SFA>
        <FILEPATH>c:\users\kevin idzik\documents\files\important files\college\4th year\first semester\igme-540\ggp-game-engine\dx11starter\imgui\</FILEPATH>
        <FILENAME>imgui_impl_dx11.cpp</FILENAME>
        <LINE>302</LINE>
        <COLUMN>28</COLUMN>
      </SFA>
      <SFA>
        <FILEPATH>c:\users\kevin idzik\documents\files\important files\college\4th year\first semester\igme-540\ggp-game-engine\dx11starter\imgui\</FILEPATH>
        <FILENAME>imgui_impl_dx11.cpp</FILENAME>
        <LINE>304</LINE>
        <COLUMN>24</COLUMN>
      </SFA>
      <SFA>
        <FILEPATH>c:\users\kevin idzik\documents\files\important files\college\4th year\first semester\igme-540\ggp-game-engine\dx11starter\imgui\</FILEPATH>
        <FILENAME>imgui_impl_dx11.cpp</FILENAME>
        <LINE>305</LINE>
        <COLUMN>31</COLUMN>
      </SFA>
      <SFA>
        <FILEPATH>c:\users\kevin idzik\documents\files\important files\college\4th year\first semester\igme-540\ggp-game-engine\dx11starter\imgui\</FILEPATH>
        <FILENAME>imgui_impl_dx11.cpp</FILENAME>
        <LINE>306</LINE>
        <COLUMN>28</COLUMN>
      </SFA>
      <SFA>
        <FILEPATH>c:\users\kevin idzik\documents\files\important files\college\4th year\first semester\igme-540\ggp-game-engine\dx11starter\imgui\</FILEPATH>
        <FILENAME>imgui_impl_dx11.cpp</FILENAME>
        <LINE>307</LINE>
        <COLUMN>32</COLUMN>
      </SFA>
      <SFA>
        <FILEPATH>c:\users\kevin idzik\documents\files\important files\college\4th year\first semester\igme-540\ggp-game-engine\dx11starter\imgui\</FILEPATH>
        <FILENAME>imgui_impl_dx11.cpp</FILENAME>
        <LINE>308</LINE>
        <COLUMN>37</COLUMN>
      </SFA>
      <SFA>
        <FILEPATH>c:\users\kevin idzik\documents\files\important files\college\4th year\first semester\igme-540\ggp-game-engine\dx11starter\imgui\</FILEPATH>
        <FILENAME>imgui_impl_dx11.cpp</FILENAME>
        <LINE>309</LINE>
        <COLUMN>37</COLUMN>
        <KEYEVENT>
          <ID>1</ID>
          <KIND>declaration</KIND>
          <IMPORTANCE>Essential</IMPORTANCE>
          <MESSAGE>'pTexture' may be NULL</MESSAGE>
        </KEYEVENT>
      </SFA>
      <SFA>
        <FILEPATH>c:\users\kevin idzik\documents\files\important files\college\4th year\first semester\igme-540\ggp-game-engine\dx11starter\imgui\</FILEPATH>
        <FILENAME>imgui_impl_dx11.cpp</FILENAME>
        <LINE>312</LINE>
        <COLUMN>40</COLUMN>
      </SFA>
      <SFA>
        <FILEPATH>c:\users\kevin idzik\documents\files\important files\college\4th year\first semester\igme-540\ggp-game-engine\dx11starter\imgui\</FILEPATH>
        <FILENAME>imgui_impl_dx11.cpp</FILENAME>
        <LINE>313</LINE>
        <COLUMN>8</COLUMN>
      </SFA>
      <SFA>
        <FILEPATH>c:\users\kevin idzik\documents\files\important files\college\4th year\first semester\igme-540\ggp-game-engine\dx11starter\imgui\</FILEPATH>
        <FILENAME>imgui_impl_dx11.cpp</FILENAME>
        <LINE>314</LINE>
        <COLUMN>23</COLUMN>
      </SFA>
      <SFA>
        <FILEPATH>c:\users\kevin idzik\documents\files\important files\college\4th year\first semester\igme-540\ggp-game-engine\dx11starter\imgui\</FILEPATH>
        <FILENAME>imgui_impl_dx11.cpp</FILENAME>
        <LINE>315</LINE>
        <COLUMN>30</COLUMN>
      </SFA>
      <SFA>
        <FILEPATH>c:\users\kevin idzik\documents\files\important files\college\4th year\first semester\igme-540\ggp-game-engine\dx11starter\imgui\</FILEPATH>
        <FILENAME>imgui_impl_dx11.cpp</FILENAME>
        <LINE>316</LINE>
        <COLUMN>36</COLUMN>
      </SFA>
      <SFA>
        <FILEPATH>c:\users\kevin idzik\documents\files\important files\college\4th year\first semester\igme-540\ggp-game-engine\dx11starter\imgui\</FILEPATH>
        <FILENAME>imgui_impl_dx11.cpp</FILENAME>
        <LINE>317</LINE>
        <COLUMN>42</COLUMN>
      </SFA>
      <SFA>
        <FILEPATH>c:\users\kevin idzik\documents\files\important files\college\4th year\first semester\igme-540\ggp-game-engine\dx11starter\imgui\</FILEPATH>
        <FILENAME>imgui_impl_dx11.cpp</FILENAME>
        <LINE>318</LINE>
        <COLUMN>46</COLUMN>
        <KEYEVENT>
          <ID>2</ID>
          <KIND>usage</KIND>
          <IMPORTANCE>Essential</IMPORTANCE>
          <MESSAGE>'pTexture' should not be NULL, because this is not consistent with the SAL annotation on 'ID3D11Device::CreateShaderResourceView'</MESSAGE>
        </KEYEVENT>
      </SFA>
    </PATH>
  </DEFECT>
</DEFECTS>