<?xml version="1.0" encoding="UTF-8"?>
<DEFECTS>
  <DEFECT>
    <SFA>
      <FILEPATH>c:\users\kevin idzik\documents\files\important files\college\4th year\first semester\igme-540\ggp-game-engine\dx11starter\</FILEPATH>
      <FILENAME>main.cpp</FILENAME>
      <LINE>8</LINE>
      <COLUMN>18</COLUMN>
    </SFA>
    <DEFECTCODE>28251</DEFECTCODE>
    <DESCRIPTION>Inconsistent annotation for 'WinMain': this instance has no annotations. See c:\program files (x86)\windows kits\10\include\10.0.15063.0\um\winbase.h(909). </DESCRIPTION>
    <FUNCTION>WinMain</FUNCTION>
    <DECORATED>WinMain</DECORATED>
    <FUNCLINE>8</FUNCLINE>
    <PATH></PATH>
  </DEFECT>
</DEFECTS>